addend1,addend2,sum
2,2,4
2,3,5
2,4,6
2,5,7
2,6,8
2,7,9
2,8,10
2,9,11
2,10,12
2,11,13
2,12,14
2,13,15
2,14,16
2,15,17
2,16,18
2,17,19
2,18,20
2,19,21
2,20,22
2,21,23
2,22,24
2,23,25
2,24,26
2,25,27
2,26,28
2,27,29
2,28,30
2,29,31
2,30,32
2,31,33
2,32,34
2,33,35
2,34,36
2,35,37
2,36,38
2,37,39
2,38,40
2,39,41
2,40,42
2,41,43
2,42,44
2,43,45
2,44,46
2,45,47
2,46,48
2,47,49
2,48,50
2,49,51
2,50,52
2,51,53
2,52,54
2,53,55
2,54,56
2,55,57
2,56,58
2,57,59
2,58,60
2,59,61
2,60,62
2,61,63
2,62,64
2,63,65
2,64,66
2,65,67
2,66,68
2,67,69
2,68,70
2,69,71
2,70,72
2,71,73
2,72,74
2,73,75
2,74,76
2,75,77
2,76,78
2,77,79
2,78,80
2,79,81
2,80,82
2,81,83
2,82,84
2,83,85
2,84,86
2,85,87
2,86,88
2,87,89
2,88,90
2,89,91
2,90,92
2,91,93
2,92,94
2,93,95
2,94,96
2,95,97
2,96,98
2,97,99
2,98,100
2,99,101
2,100,102
3,3,6
3,4,7
3,5,8
3,6,9
3,7,10
3,8,11
3,9,12
3,10,13
3,11,14
3,12,15
3,13,16
3,14,17
3,15,18
3,16,19
3,17,20
3,18,21
3,19,22
3,20,23
3,21,24
3,22,25
3,23,26
3,24,27
3,25,28
3,26,29
3,27,30
3,28,31
3,29,32
3,30,33
3,31,34
3,32,35
3,33,36
3,34,37
3,35,38
3,36,39
3,37,40
3,38,41
3,39,42
3,40,43
3,41,44
3,42,45
3,43,46
3,44,47
3,45,48
3,46,49
3,47,50
3,48,51
3,49,52
3,50,53
3,51,54
3,52,55
3,53,56
3,54,57
3,55,58
3,56,59
3,57,60
3,58,61
3,59,62
3,60,63
3,61,64
3,62,65
3,63,66
3,64,67
3,65,68
3,66,69
3,67,70
3,68,71
3,69,72
3,70,73
3,71,74
3,72,75
3,73,76
3,74,77
3,75,78
3,76,79
3,77,80
3,78,81
3,79,82
3,80,83
3,81,84
3,82,85
3,83,86
3,84,87
3,85,88
3,86,89
3,87,90
3,88,91
3,89,92
3,90,93
3,91,94
3,92,95
3,93,96
3,94,97
3,95,98
3,96,99
3,97,100
3,98,101
3,99,102
3,100,103
4,4,8
4,5,9
4,6,10
4,7,11
4,8,12
4,9,13
4,10,14
4,11,15
4,12,16
4,13,17
4,14,18
4,15,19
4,16,20
4,17,21
4,18,22
4,19,23
4,20,24
4,21,25
4,22,26
4,23,27
4,24,28
4,25,29
4,26,30
4,27,31
4,28,32
4,29,33
4,30,34
4,31,35
4,32,36
4,33,37
4,34,38
4,35,39
4,36,40
4,37,41
4,38,42
4,39,43
4,40,44
4,41,45
4,42,46
4,43,47
4,44,48
4,45,49
4,46,50
4,47,51
4,48,52
4,49,53
4,50,54
4,51,55
4,52,56
4,53,57
4,54,58
4,55,59
4,56,60
4,57,61
4,58,62
4,59,63
4,60,64
4,61,65
4,62,66
4,63,67
4,64,68
4,65,69
4,66,70
4,67,71
4,68,72
4,69,73
4,70,74
4,71,75
4,72,76
4,73,77
4,74,78
4,75,79
4,76,80
4,77,81
4,78,82
4,79,83
4,80,84
4,81,85
4,82,86
4,83,87
4,84,88
4,85,89
4,86,90
4,87,91
4,88,92
4,89,93
4,90,94
4,91,95
4,92,96
4,93,97
4,94,98
4,95,99
4,96,100
4,97,101
4,98,102
4,99,103
4,100,104
5,5,10
5,6,11
5,7,12
5,8,13
5,9,14
5,10,15
5,11,16
5,12,17
5,13,18
5,14,19
5,15,20
5,16,21
5,17,22
5,18,23
5,19,24
5,20,25
5,21,26
5,22,27
5,23,28
5,24,29
5,25,30
5,26,31
5,27,32
5,28,33
5,29,34
5,30,35
5,31,36
5,32,37
5,33,38
5,34,39
5,35,40
5,36,41
5,37,42
5,38,43
5,39,44
5,40,45
5,41,46
5,42,47
5,43,48
5,44,49
5,45,50
5,46,51
5,47,52
5,48,53
5,49,54
5,50,55
5,51,56
5,52,57
5,53,58
5,54,59
5,55,60
5,56,61
5,57,62
5,58,63
5,59,64
5,60,65
5,61,66
5,62,67
5,63,68
5,64,69
5,65,70
5,66,71
5,67,72
5,68,73
5,69,74
5,70,75
5,71,76
5,72,77
5,73,78
5,74,79
5,75,80
5,76,81
5,77,82
5,78,83
5,79,84
5,80,85
5,81,86
5,82,87
5,83,88
5,84,89
5,85,90
5,86,91
5,87,92
5,88,93
5,89,94
5,90,95
5,91,96
5,92,97
5,93,98
5,94,99
5,95,100
5,96,101
5,97,102
5,98,103
5,99,104
5,100,105
6,6,12
6,7,13
6,8,14
6,9,15
6,10,16
6,11,17
6,12,18
6,13,19
6,14,20
6,15,21
6,16,22
6,17,23
6,18,24
6,19,25
6,20,26
6,21,27
6,22,28
6,23,29
6,24,30
6,25,31
6,26,32
6,27,33
6,28,34
6,29,35
6,30,36
6,31,37
6,32,38
6,33,39
6,34,40
6,35,41
6,36,42
6,37,43
6,38,44
6,39,45
6,40,46
6,41,47
6,42,48
6,43,49
6,44,50
6,45,51
6,46,52
6,47,53
6,48,54
6,49,55
6,50,56
6,51,57
6,52,58
6,53,59
6,54,60
6,55,61
6,56,62
6,57,63
6,58,64
6,59,65
6,60,66
6,61,67
6,62,68
6,63,69
6,64,70
6,65,71
6,66,72
6,67,73
6,68,74
6,69,75
6,70,76
6,71,77
6,72,78
6,73,79
6,74,80
6,75,81
6,76,82
6,77,83
6,78,84
6,79,85
6,80,86
6,81,87
6,82,88
6,83,89
6,84,90
6,85,91
6,86,92
6,87,93
6,88,94
6,89,95
6,90,96
6,91,97
6,92,98
6,93,99
6,94,100
6,95,101
6,96,102
6,97,103
6,98,104
6,99,105
6,100,106
7,7,14
7,8,15
7,9,16
7,10,17
7,11,18
7,12,19
7,13,20
7,14,21
7,15,22
7,16,23
7,17,24
7,18,25
7,19,26
7,20,27
7,21,28
7,22,29
7,23,30
7,24,31
7,25,32
7,26,33
7,27,34
7,28,35
7,29,36
7,30,37
7,31,38
7,32,39
7,33,40
7,34,41
7,35,42
7,36,43
7,37,44
7,38,45
7,39,46
7,40,47
7,41,48
7,42,49
7,43,50
7,44,51
7,45,52
7,46,53
7,47,54
7,48,55
7,49,56
7,50,57
7,51,58
7,52,59
7,53,60
7,54,61
7,55,62
7,56,63
7,57,64
7,58,65
7,59,66
7,60,67
7,61,68
7,62,69
7,63,70
7,64,71
7,65,72
7,66,73
7,67,74
7,68,75
7,69,76
7,70,77
7,71,78
7,72,79
7,73,80
7,74,81
7,75,82
7,76,83
7,77,84
7,78,85
7,79,86
7,80,87
7,81,88
7,82,89
7,83,90
7,84,91
7,85,92
7,86,93
7,87,94
7,88,95
7,89,96
7,90,97
7,91,98
7,92,99
7,93,100
7,94,101
7,95,102
7,96,103
7,97,104
7,98,105
7,99,106
7,100,107
8,8,16
8,9,17
8,10,18
8,11,19
8,12,20
8,13,21
8,14,22
8,15,23
8,16,24
8,17,25
8,18,26
8,19,27
8,20,28
8,21,29
8,22,30
8,23,31
8,24,32
8,25,33
8,26,34
8,27,35
8,28,36
8,29,37
8,30,38
8,31,39
8,32,40
8,33,41
8,34,42
8,35,43
8,36,44
8,37,45
8,38,46
8,39,47
8,40,48
8,41,49
8,42,50
8,43,51
8,44,52
8,45,53
8,46,54
8,47,55
8,48,56
8,49,57
8,50,58
8,51,59
8,52,60
8,53,61
8,54,62
8,55,63
8,56,64
8,57,65
8,58,66
8,59,67
8,60,68
8,61,69
8,62,70
8,63,71
8,64,72
8,65,73
8,66,74
8,67,75
8,68,76
8,69,77
8,70,78
8,71,79
8,72,80
8,73,81
8,74,82
8,75,83
8,76,84
8,77,85
8,78,86
8,79,87
8,80,88
8,81,89
8,82,90
8,83,91
8,84,92
8,85,93
8,86,94
8,87,95
8,88,96
8,89,97
8,90,98
8,91,99
8,92,100
8,93,101
8,94,102
8,95,103
8,96,104
8,97,105
8,98,106
8,99,107
8,100,108
9,9,18
9,10,19
9,11,20
9,12,21
9,13,22
9,14,23
9,15,24
9,16,25
9,17,26
9,18,27
9,19,28
9,20,29
9,21,30
9,22,31
9,23,32
9,24,33
9,25,34
9,26,35
9,27,36
9,28,37
9,29,38
9,30,39
9,31,40
9,32,41
9,33,42
9,34,43
9,35,44
9,36,45
9,37,46
9,38,47
9,39,48
9,40,49
9,41,50
9,42,51
9,43,52
9,44,53
9,45,54
9,46,55
9,47,56
9,48,57
9,49,58
9,50,59
9,51,60
9,52,61
9,53,62
9,54,63
9,55,64
9,56,65
9,57,66
9,58,67
9,59,68
9,60,69
9,61,70
9,62,71
9,63,72
9,64,73
9,65,74
9,66,75
9,67,76
9,68,77
9,69,78
9,70,79
9,71,80
9,72,81
9,73,82
9,74,83
9,75,84
9,76,85
9,77,86
9,78,87
9,79,88
9,80,89
9,81,90
9,82,91
9,83,92
9,84,93
9,85,94
9,86,95
9,87,96
9,88,97
9,89,98
9,90,99
9,91,100
9,92,101
9,93,102
9,94,103
9,95,104
9,96,105
9,97,106
9,98,107
9,99,108
9,100,109
10,10,20
10,11,21
10,12,22
10,13,23
10,14,24
10,15,25
10,16,26
10,17,27
10,18,28
10,19,29
10,20,30
10,21,31
10,22,32
10,23,33
10,24,34
10,25,35
10,26,36
10,27,37
10,28,38
10,29,39
10,30,40
10,31,41
10,32,42
10,33,43
10,34,44
10,35,45
10,36,46
10,37,47
10,38,48
10,39,49
10,40,50
10,41,51
10,42,52
10,43,53
10,44,54
10,45,55
10,46,56
10,47,57
10,48,58
10,49,59
10,50,60
10,51,61
10,52,62
10,53,63
10,54,64
10,55,65
10,56,66
10,57,67
10,58,68
10,59,69
10,60,70
10,61,71
10,62,72
10,63,73
10,64,74
10,65,75
10,66,76
10,67,77
10,68,78
10,69,79
10,70,80
10,71,81
10,72,82
10,73,83
10,74,84
10,75,85
10,76,86
10,77,87
10,78,88
10,79,89
10,80,90
10,81,91
10,82,92
10,83,93
10,84,94
10,85,95
10,86,96
10,87,97
10,88,98
10,89,99
10,90,100
10,91,101
10,92,102
10,93,103
10,94,104
10,95,105
10,96,106
10,97,107
10,98,108
10,99,109
10,100,110
11,11,22
11,12,23
11,13,24
11,14,25
11,15,26
11,16,27
11,17,28
11,18,29
11,19,30
11,20,31
11,21,32
11,22,33
11,23,34
11,24,35
11,25,36
11,26,37
11,27,38
11,28,39
11,29,40
11,30,41
11,31,42
11,32,43
11,33,44
11,34,45
11,35,46
11,36,47
11,37,48
11,38,49
11,39,50
11,40,51
11,41,52
11,42,53
11,43,54
11,44,55
11,45,56
11,46,57
11,47,58
11,48,59
11,49,60
11,50,61
11,51,62
11,52,63
11,53,64
11,54,65
11,55,66
11,56,67
11,57,68
11,58,69
11,59,70
11,60,71
11,61,72
11,62,73
11,63,74
11,64,75
11,65,76
11,66,77
11,67,78
11,68,79
11,69,80
11,70,81
11,71,82
11,72,83
11,73,84
11,74,85
11,75,86
11,76,87
11,77,88
11,78,89
11,79,90
11,80,91
11,81,92
11,82,93
11,83,94
11,84,95
11,85,96
11,86,97
11,87,98
11,88,99
11,89,100
11,90,101
11,91,102
11,92,103
11,93,104
11,94,105
11,95,106
11,96,107
11,97,108
11,98,109
11,99,110
11,100,111
12,12,24
12,13,25
12,14,26
12,15,27
12,16,28
12,17,29
12,18,30
12,19,31
12,20,32
12,21,33
12,22,34
12,23,35
12,24,36
12,25,37
12,26,38
12,27,39
12,28,40
12,29,41
12,30,42
12,31,43
12,32,44
12,33,45
12,34,46
12,35,47
12,36,48
12,37,49
12,38,50
12,39,51
12,40,52
12,41,53
12,42,54
12,43,55
12,44,56
12,45,57
12,46,58
12,47,59
12,48,60
12,49,61
12,50,62
12,51,63
12,52,64
12,53,65
12,54,66
12,55,67
12,56,68
12,57,69
12,58,70
12,59,71
12,60,72
12,61,73
12,62,74
12,63,75
12,64,76
12,65,77
12,66,78
12,67,79
12,68,80
12,69,81
12,70,82
12,71,83
12,72,84
12,73,85
12,74,86
12,75,87
12,76,88
12,77,89
12,78,90
12,79,91
12,80,92
12,81,93
12,82,94
12,83,95
12,84,96
12,85,97
12,86,98
12,87,99
12,88,100
12,89,101
12,90,102
12,91,103
12,92,104
12,93,105
12,94,106
12,95,107
12,96,108
12,97,109
12,98,110
12,99,111
12,100,112
13,13,26
13,14,27
13,15,28
13,16,29
13,17,30
13,18,31
13,19,32
13,20,33
13,21,34
13,22,35
13,23,36
13,24,37
13,25,38
13,26,39
13,27,40
13,28,41
13,29,42
13,30,43
13,31,44
13,32,45
13,33,46
13,34,47
13,35,48
13,36,49
13,37,50
13,38,51
13,39,52
13,40,53
13,41,54
13,42,55
13,43,56
13,44,57
13,45,58
13,46,59
13,47,60
13,48,61
13,49,62
13,50,63
13,51,64
13,52,65
13,53,66
13,54,67
13,55,68
13,56,69
13,57,70
13,58,71
13,59,72
13,60,73
13,61,74
13,62,75
13,63,76
13,64,77
13,65,78
13,66,79
13,67,80
13,68,81
13,69,82
13,70,83
13,71,84
13,72,85
13,73,86
13,74,87
13,75,88
13,76,89
13,77,90
13,78,91
13,79,92
13,80,93
13,81,94
13,82,95
13,83,96
13,84,97
13,85,98
13,86,99
13,87,100
13,88,101
13,89,102
13,90,103
13,91,104
13,92,105
13,93,106
13,94,107
13,95,108
13,96,109
13,97,110
13,98,111
13,99,112
13,100,113
14,14,28
14,15,29
14,16,30
14,17,31
14,18,32
14,19,33
14,20,34
14,21,35
14,22,36
14,23,37
14,24,38
14,25,39
14,26,40
14,27,41
14,28,42
14,29,43
14,30,44
14,31,45
14,32,46
14,33,47
14,34,48
14,35,49
14,36,50
14,37,51
14,38,52
14,39,53
14,40,54
14,41,55
14,42,56
14,43,57
14,44,58
14,45,59
14,46,60
14,47,61
14,48,62
14,49,63
14,50,64
14,51,65
14,52,66
14,53,67
14,54,68
14,55,69
14,56,70
14,57,71
14,58,72
14,59,73
14,60,74
14,61,75
14,62,76
14,63,77
14,64,78
14,65,79
14,66,80
14,67,81
14,68,82
14,69,83
14,70,84
14,71,85
14,72,86
14,73,87
14,74,88
14,75,89
14,76,90
14,77,91
14,78,92
14,79,93
14,80,94
14,81,95
14,82,96
14,83,97
14,84,98
14,85,99
14,86,100
14,87,101
14,88,102
14,89,103
14,90,104
14,91,105
14,92,106
14,93,107
14,94,108
14,95,109
14,96,110
14,97,111
14,98,112
14,99,113
14,100,114
15,15,30
15,16,31
15,17,32
15,18,33
15,19,34
15,20,35
15,21,36
15,22,37
15,23,38
15,24,39
15,25,40
15,26,41
15,27,42
15,28,43
15,29,44
15,30,45
15,31,46
15,32,47
15,33,48
15,34,49
15,35,50
15,36,51
15,37,52
15,38,53
15,39,54
15,40,55
15,41,56
15,42,57
15,43,58
15,44,59
15,45,60
15,46,61
15,47,62
15,48,63
15,49,64
15,50,65
15,51,66
15,52,67
15,53,68
15,54,69
15,55,70
15,56,71
15,57,72
15,58,73
15,59,74
15,60,75
15,61,76
15,62,77
15,63,78
15,64,79
15,65,80
15,66,81
15,67,82
15,68,83
15,69,84
15,70,85
15,71,86
15,72,87
15,73,88
15,74,89
15,75,90
15,76,91
15,77,92
15,78,93
15,79,94
15,80,95
15,81,96
15,82,97
15,83,98
15,84,99
15,85,100
15,86,101
15,87,102
15,88,103
15,89,104
15,90,105
15,91,106
15,92,107
15,93,108
15,94,109
15,95,110
15,96,111
15,97,112
15,98,113
15,99,114
15,100,115
16,16,32
16,17,33
16,18,34
16,19,35
16,20,36
16,21,37
16,22,38
16,23,39
16,24,40
16,25,41
16,26,42
16,27,43
16,28,44
16,29,45
16,30,46
16,31,47
16,32,48
16,33,49
16,34,50
16,35,51
16,36,52
16,37,53
16,38,54
16,39,55
16,40,56
16,41,57
16,42,58
16,43,59
16,44,60
16,45,61
16,46,62
16,47,63
16,48,64
16,49,65
16,50,66
16,51,67
16,52,68
16,53,69
16,54,70
16,55,71
16,56,72
16,57,73
16,58,74
16,59,75
16,60,76
16,61,77
16,62,78
16,63,79
16,64,80
16,65,81
16,66,82
16,67,83
16,68,84
16,69,85
16,70,86
16,71,87
16,72,88
16,73,89
16,74,90
16,75,91
16,76,92
16,77,93
16,78,94
16,79,95
16,80,96
16,81,97
16,82,98
16,83,99
16,84,100
16,85,101
16,86,102
16,87,103
16,88,104
16,89,105
16,90,106
16,91,107
16,92,108
16,93,109
16,94,110
16,95,111
16,96,112
16,97,113
16,98,114
16,99,115
16,100,116
17,17,34
17,18,35
17,19,36
17,20,37
17,21,38
17,22,39
17,23,40
17,24,41
17,25,42
17,26,43
17,27,44
17,28,45
17,29,46
17,30,47
17,31,48
17,32,49
17,33,50
17,34,51
17,35,52
17,36,53
17,37,54
17,38,55
17,39,56
17,40,57
17,41,58
17,42,59
17,43,60
17,44,61
17,45,62
17,46,63
17,47,64
17,48,65
17,49,66
17,50,67
17,51,68
17,52,69
17,53,70
17,54,71
17,55,72
17,56,73
17,57,74
17,58,75
17,59,76
17,60,77
17,61,78
17,62,79
17,63,80
17,64,81
17,65,82
17,66,83
17,67,84
17,68,85
17,69,86
17,70,87
17,71,88
17,72,89
17,73,90
17,74,91
17,75,92
17,76,93
17,77,94
17,78,95
17,79,96
17,80,97
17,81,98
17,82,99
17,83,100
17,84,101
17,85,102
17,86,103
17,87,104
17,88,105
17,89,106
17,90,107
17,91,108
17,92,109
17,93,110
17,94,111
17,95,112
17,96,113
17,97,114
17,98,115
17,99,116
17,100,117
18,18,36
18,19,37
18,20,38
18,21,39
18,22,40
18,23,41
18,24,42
18,25,43
18,26,44
18,27,45
18,28,46
18,29,47
18,30,48
18,31,49
18,32,50
18,33,51
18,34,52
18,35,53
18,36,54
18,37,55
18,38,56
18,39,57
18,40,58
18,41,59
18,42,60
18,43,61
18,44,62
18,45,63
18,46,64
18,47,65
18,48,66
18,49,67
18,50,68
18,51,69
18,52,70
18,53,71
18,54,72
18,55,73
18,56,74
18,57,75
18,58,76
18,59,77
18,60,78
18,61,79
18,62,80
18,63,81
18,64,82
18,65,83
18,66,84
18,67,85
18,68,86
18,69,87
18,70,88
18,71,89
18,72,90
18,73,91
18,74,92
18,75,93
18,76,94
18,77,95
18,78,96
18,79,97
18,80,98
18,81,99
18,82,100
18,83,101
18,84,102
18,85,103
18,86,104
18,87,105
18,88,106
18,89,107
18,90,108
18,91,109
18,92,110
18,93,111
18,94,112
18,95,113
18,96,114
18,97,115
18,98,116
18,99,117
18,100,118
19,19,38
19,20,39
19,21,40
19,22,41
19,23,42
19,24,43
19,25,44
19,26,45
19,27,46
19,28,47
19,29,48
19,30,49
19,31,50
19,32,51
19,33,52
19,34,53
19,35,54
19,36,55
19,37,56
19,38,57
19,39,58
19,40,59
19,41,60
19,42,61
19,43,62
19,44,63
19,45,64
19,46,65
19,47,66
19,48,67
19,49,68
19,50,69
19,51,70
19,52,71
19,53,72
19,54,73
19,55,74
19,56,75
19,57,76
19,58,77
19,59,78
19,60,79
19,61,80
19,62,81
19,63,82
19,64,83
19,65,84
19,66,85
19,67,86
19,68,87
19,69,88
19,70,89
19,71,90
19,72,91
19,73,92
19,74,93
19,75,94
19,76,95
19,77,96
19,78,97
19,79,98
19,80,99
19,81,100
19,82,101
19,83,102
19,84,103
19,85,104
19,86,105
19,87,106
19,88,107
19,89,108
19,90,109
19,91,110
19,92,111
19,93,112
19,94,113
19,95,114
19,96,115
19,97,116
19,98,117
19,99,118
19,100,119
20,20,40
20,21,41
20,22,42
20,23,43
20,24,44
20,25,45
20,26,46
20,27,47
20,28,48
20,29,49
20,30,50
20,31,51
20,32,52
20,33,53
20,34,54
20,35,55
20,36,56
20,37,57
20,38,58
20,39,59
20,40,60
20,41,61
20,42,62
20,43,63
20,44,64
20,45,65
20,46,66
20,47,67
20,48,68
20,49,69
20,50,70
20,51,71
20,52,72
20,53,73
20,54,74
20,55,75
20,56,76
20,57,77
20,58,78
20,59,79
20,60,80
20,61,81
20,62,82
20,63,83
20,64,84
20,65,85
20,66,86
20,67,87
20,68,88
20,69,89
20,70,90
20,71,91
20,72,92
20,73,93
20,74,94
20,75,95
20,76,96
20,77,97
20,78,98
20,79,99
20,80,100
20,81,101
20,82,102
20,83,103
20,84,104
20,85,105
20,86,106
20,87,107
20,88,108
20,89,109
20,90,110
20,91,111
20,92,112
20,93,113
20,94,114
20,95,115
20,96,116
20,97,117
20,98,118
20,99,119
20,100,120
21,21,42
21,22,43
21,23,44
21,24,45
21,25,46
21,26,47
21,27,48
21,28,49
21,29,50
21,30,51
21,31,52
21,32,53
21,33,54
21,34,55
21,35,56
21,36,57
21,37,58
21,38,59
21,39,60
21,40,61
21,41,62
21,42,63
21,43,64
21,44,65
21,45,66
21,46,67
21,47,68
21,48,69
21,49,70
21,50,71
21,51,72
21,52,73
21,53,74
21,54,75
21,55,76
21,56,77
21,57,78
21,58,79
21,59,80
21,60,81
21,61,82
21,62,83
21,63,84
21,64,85
21,65,86
21,66,87
21,67,88
21,68,89
21,69,90
21,70,91
21,71,92
21,72,93
21,73,94
21,74,95
21,75,96
21,76,97
21,77,98
21,78,99
21,79,100
21,80,101
21,81,102
21,82,103
21,83,104
21,84,105
21,85,106
21,86,107
21,87,108
21,88,109
21,89,110
21,90,111
21,91,112
21,92,113
21,93,114
21,94,115
21,95,116
21,96,117
21,97,118
21,98,119
21,99,120
21,100,121
22,22,44
22,23,45
22,24,46
22,25,47
22,26,48
22,27,49
22,28,50
22,29,51
22,30,52
22,31,53
22,32,54
22,33,55
22,34,56
22,35,57
22,36,58
22,37,59
22,38,60
22,39,61
22,40,62
22,41,63
22,42,64
22,43,65
22,44,66
22,45,67
22,46,68
22,47,69
22,48,70
22,49,71
22,50,72
22,51,73
22,52,74
22,53,75
22,54,76
22,55,77
22,56,78
22,57,79
22,58,80
22,59,81
22,60,82
22,61,83
22,62,84
22,63,85
22,64,86
22,65,87
22,66,88
22,67,89
22,68,90
22,69,91
22,70,92
22,71,93
22,72,94
22,73,95
22,74,96
22,75,97
22,76,98
22,77,99
22,78,100
22,79,101
22,80,102
22,81,103
22,82,104
22,83,105
22,84,106
22,85,107
22,86,108
22,87,109
22,88,110
22,89,111
22,90,112
22,91,113
22,92,114
22,93,115
22,94,116
22,95,117
22,96,118
22,97,119
22,98,120
22,99,121
22,100,122
23,23,46
23,24,47
23,25,48
23,26,49
23,27,50
23,28,51
23,29,52
23,30,53
23,31,54
23,32,55
23,33,56
23,34,57
23,35,58
23,36,59
23,37,60
23,38,61
23,39,62
23,40,63
23,41,64
23,42,65
23,43,66
23,44,67
23,45,68
23,46,69
23,47,70
23,48,71
23,49,72
23,50,73
23,51,74
23,52,75
23,53,76
23,54,77
23,55,78
23,56,79
23,57,80
23,58,81
23,59,82
23,60,83
23,61,84
23,62,85
23,63,86
23,64,87
23,65,88
23,66,89
23,67,90
23,68,91
23,69,92
23,70,93
23,71,94
23,72,95
23,73,96
23,74,97
23,75,98
23,76,99
23,77,100
23,78,101
23,79,102
23,80,103
23,81,104
23,82,105
23,83,106
23,84,107
23,85,108
23,86,109
23,87,110
23,88,111
23,89,112
23,90,113
23,91,114
23,92,115
23,93,116
23,94,117
23,95,118
23,96,119
23,97,120
23,98,121
23,99,122
23,100,123
24,24,48
24,25,49
24,26,50
24,27,51
24,28,52
24,29,53
24,30,54
24,31,55
24,32,56
24,33,57
24,34,58
24,35,59
24,36,60
24,37,61
24,38,62
24,39,63
24,40,64
24,41,65
24,42,66
24,43,67
24,44,68
24,45,69
24,46,70
24,47,71
24,48,72
24,49,73
24,50,74
24,51,75
24,52,76
24,53,77
24,54,78
24,55,79
24,56,80
24,57,81
24,58,82
24,59,83
24,60,84
24,61,85
24,62,86
24,63,87
24,64,88
24,65,89
24,66,90
24,67,91
24,68,92
24,69,93
24,70,94
24,71,95
24,72,96
24,73,97
24,74,98
24,75,99
24,76,100
24,77,101
24,78,102
24,79,103
24,80,104
24,81,105
24,82,106
24,83,107
24,84,108
24,85,109
24,86,110
24,87,111
24,88,112
24,89,113
24,90,114
24,91,115
24,92,116
24,93,117
24,94,118
24,95,119
24,96,120
24,97,121
24,98,122
24,99,123
24,100,124
25,25,50
25,26,51
25,27,52
25,28,53
25,29,54
25,30,55
25,31,56
25,32,57
25,33,58
25,34,59
25,35,60
25,36,61
25,37,62
25,38,63
25,39,64
25,40,65
25,41,66
25,42,67
25,43,68
25,44,69
25,45,70
25,46,71
25,47,72
25,48,73
25,49,74
25,50,75
25,51,76
25,52,77
25,53,78
25,54,79
25,55,80
25,56,81
25,57,82
25,58,83
25,59,84
25,60,85
25,61,86
25,62,87
25,63,88
25,64,89
25,65,90
25,66,91
25,67,92
25,68,93
25,69,94
25,70,95
25,71,96
25,72,97
25,73,98
25,74,99
25,75,100
25,76,101
25,77,102
25,78,103
25,79,104
25,80,105
25,81,106
25,82,107
25,83,108
25,84,109
25,85,110
25,86,111
25,87,112
25,88,113
25,89,114
25,90,115
25,91,116
25,92,117
25,93,118
25,94,119
25,95,120
25,96,121
25,97,122
25,98,123
25,99,124
25,100,125
26,26,52
26,27,53
26,28,54
26,29,55
26,30,56
26,31,57
26,32,58
26,33,59
26,34,60
26,35,61
26,36,62
26,37,63
26,38,64
26,39,65
26,40,66
26,41,67
26,42,68
26,43,69
26,44,70
26,45,71
26,46,72
26,47,73
26,48,74
26,49,75
26,50,76
26,51,77
26,52,78
26,53,79
26,54,80
26,55,81
26,56,82
26,57,83
26,58,84
26,59,85
26,60,86
26,61,87
26,62,88
26,63,89
26,64,90
26,65,91
26,66,92
26,67,93
26,68,94
26,69,95
26,70,96
26,71,97
26,72,98
26,73,99
26,74,100
26,75,101
26,76,102
26,77,103
26,78,104
26,79,105
26,80,106
26,81,107
26,82,108
26,83,109
26,84,110
26,85,111
26,86,112
26,87,113
26,88,114
26,89,115
26,90,116
26,91,117
26,92,118
26,93,119
26,94,120
26,95,121
26,96,122
26,97,123
26,98,124
26,99,125
26,100,126
27,27,54
27,28,55
27,29,56
27,30,57
27,31,58
27,32,59
27,33,60
27,34,61
27,35,62
27,36,63
27,37,64
27,38,65
27,39,66
27,40,67
27,41,68
27,42,69
27,43,70
27,44,71
27,45,72
27,46,73
27,47,74
27,48,75
27,49,76
27,50,77
27,51,78
27,52,79
27,53,80
27,54,81
27,55,82
27,56,83
27,57,84
27,58,85
27,59,86
27,60,87
27,61,88
27,62,89
27,63,90
27,64,91
27,65,92
27,66,93
27,67,94
27,68,95
27,69,96
27,70,97
27,71,98
27,72,99
27,73,100
27,74,101
27,75,102
27,76,103
27,77,104
27,78,105
27,79,106
27,80,107
27,81,108
27,82,109
27,83,110
27,84,111
27,85,112
27,86,113
27,87,114
27,88,115
27,89,116
27,90,117
27,91,118
27,92,119
27,93,120
27,94,121
27,95,122
27,96,123
27,97,124
27,98,125
27,99,126
27,100,127
28,28,56
28,29,57
28,30,58
28,31,59
28,32,60
28,33,61
28,34,62
28,35,63
28,36,64
28,37,65
28,38,66
28,39,67
28,40,68
28,41,69
28,42,70
28,43,71
28,44,72
28,45,73
28,46,74
28,47,75
28,48,76
28,49,77
28,50,78
28,51,79
28,52,80
28,53,81
28,54,82
28,55,83
28,56,84
28,57,85
28,58,86
28,59,87
28,60,88
28,61,89
28,62,90
28,63,91
28,64,92
28,65,93
28,66,94
28,67,95
28,68,96
28,69,97
28,70,98
28,71,99
28,72,100
28,73,101
28,74,102
28,75,103
28,76,104
28,77,105
28,78,106
28,79,107
28,80,108
28,81,109
28,82,110
28,83,111
28,84,112
28,85,113
28,86,114
28,87,115
28,88,116
28,89,117
28,90,118
28,91,119
28,92,120
28,93,121
28,94,122
28,95,123
28,96,124
28,97,125
28,98,126
28,99,127
28,100,128
29,29,58
29,30,59
29,31,60
29,32,61
29,33,62
29,34,63
29,35,64
29,36,65
29,37,66
29,38,67
29,39,68
29,40,69
29,41,70
29,42,71
29,43,72
29,44,73
29,45,74
29,46,75
29,47,76
29,48,77
29,49,78
29,50,79
29,51,80
29,52,81
29,53,82
29,54,83
29,55,84
29,56,85
29,57,86
29,58,87
29,59,88
29,60,89
29,61,90
29,62,91
29,63,92
29,64,93
29,65,94
29,66,95
29,67,96
29,68,97
29,69,98
29,70,99
29,71,100
29,72,101
29,73,102
29,74,103
29,75,104
29,76,105
29,77,106
29,78,107
29,79,108
29,80,109
29,81,110
29,82,111
29,83,112
29,84,113
29,85,114
29,86,115
29,87,116
29,88,117
29,89,118
29,90,119
29,91,120
29,92,121
29,93,122
29,94,123
29,95,124
29,96,125
29,97,126
29,98,127
29,99,128
29,100,129
30,30,60
30,31,61
30,32,62
30,33,63
30,34,64
30,35,65
30,36,66
30,37,67
30,38,68
30,39,69
30,40,70
30,41,71
30,42,72
30,43,73
30,44,74
30,45,75
30,46,76
30,47,77
30,48,78
30,49,79
30,50,80
30,51,81
30,52,82
30,53,83
30,54,84
30,55,85
30,56,86
30,57,87
30,58,88
30,59,89
30,60,90
30,61,91
30,62,92
30,63,93
30,64,94
30,65,95
30,66,96
30,67,97
30,68,98
30,69,99
30,70,100
30,71,101
30,72,102
30,73,103
30,74,104
30,75,105
30,76,106
30,77,107
30,78,108
30,79,109
30,80,110
30,81,111
30,82,112
30,83,113
30,84,114
30,85,115
30,86,116
30,87,117
30,88,118
30,89,119
30,90,120
30,91,121
30,92,122
30,93,123
30,94,124
30,95,125
30,96,126
30,97,127
30,98,128
30,99,129
30,100,130
31,31,62
31,32,63
31,33,64
31,34,65
31,35,66
31,36,67
31,37,68
31,38,69
31,39,70
31,40,71
31,41,72
31,42,73
31,43,74
31,44,75
31,45,76
31,46,77
31,47,78
31,48,79
31,49,80
31,50,81
31,51,82
31,52,83
31,53,84
31,54,85
31,55,86
31,56,87
31,57,88
31,58,89
31,59,90
31,60,91
31,61,92
31,62,93
31,63,94
31,64,95
31,65,96
31,66,97
31,67,98
31,68,99
31,69,100
31,70,101
31,71,102
31,72,103
31,73,104
31,74,105
31,75,106
31,76,107
31,77,108
31,78,109
31,79,110
31,80,111
31,81,112
31,82,113
31,83,114
31,84,115
31,85,116
31,86,117
31,87,118
31,88,119
31,89,120
31,90,121
31,91,122
31,92,123
31,93,124
31,94,125
31,95,126
31,96,127
31,97,128
31,98,129
31,99,130
31,100,131
32,32,64
32,33,65
32,34,66
32,35,67
32,36,68
32,37,69
32,38,70
32,39,71
32,40,72
32,41,73
32,42,74
32,43,75
32,44,76
32,45,77
32,46,78
32,47,79
32,48,80
32,49,81
32,50,82
32,51,83
32,52,84
32,53,85
32,54,86
32,55,87
32,56,88
32,57,89
32,58,90
32,59,91
32,60,92
32,61,93
32,62,94
32,63,95
32,64,96
32,65,97
32,66,98
32,67,99
32,68,100
32,69,101
32,70,102
32,71,103
32,72,104
32,73,105
32,74,106
32,75,107
32,76,108
32,77,109
32,78,110
32,79,111
32,80,112
32,81,113
32,82,114
32,83,115
32,84,116
32,85,117
32,86,118
32,87,119
32,88,120
32,89,121
32,90,122
32,91,123
32,92,124
32,93,125
32,94,126
32,95,127
32,96,128
32,97,129
32,98,130
32,99,131
32,100,132
33,33,66
33,34,67
33,35,68
33,36,69
33,37,70
33,38,71
33,39,72
33,40,73
33,41,74
33,42,75
33,43,76
33,44,77
33,45,78
33,46,79
33,47,80
33,48,81
33,49,82
33,50,83
33,51,84
33,52,85
33,53,86
33,54,87
33,55,88
33,56,89
33,57,90
33,58,91
33,59,92
33,60,93
33,61,94
33,62,95
33,63,96
33,64,97
33,65,98
33,66,99
33,67,100
33,68,101
33,69,102
33,70,103
33,71,104
33,72,105
33,73,106
33,74,107
33,75,108
33,76,109
33,77,110
33,78,111
33,79,112
33,80,113
33,81,114
33,82,115
33,83,116
33,84,117
33,85,118
33,86,119
33,87,120
33,88,121
33,89,122
33,90,123
33,91,124
33,92,125
33,93,126
33,94,127
33,95,128
33,96,129
33,97,130
33,98,131
33,99,132
33,100,133
34,34,68
34,35,69
34,36,70
34,37,71
34,38,72
34,39,73
34,40,74
34,41,75
34,42,76
34,43,77
34,44,78
34,45,79
34,46,80
34,47,81
34,48,82
34,49,83
34,50,84
34,51,85
34,52,86
34,53,87
34,54,88
34,55,89
34,56,90
34,57,91
34,58,92
34,59,93
34,60,94
34,61,95
34,62,96
34,63,97
34,64,98
34,65,99
34,66,100
34,67,101
34,68,102
34,69,103
34,70,104
34,71,105
34,72,106
34,73,107
34,74,108
34,75,109
34,76,110
34,77,111
34,78,112
34,79,113
34,80,114
34,81,115
34,82,116
34,83,117
34,84,118
34,85,119
34,86,120
34,87,121
34,88,122
34,89,123
34,90,124
34,91,125
34,92,126
34,93,127
34,94,128
34,95,129
34,96,130
34,97,131
34,98,132
34,99,133
34,100,134
35,35,70
35,36,71
35,37,72
35,38,73
35,39,74
35,40,75
35,41,76
35,42,77
35,43,78
35,44,79
35,45,80
35,46,81
35,47,82
35,48,83
35,49,84
35,50,85
35,51,86
35,52,87
35,53,88
35,54,89
35,55,90
35,56,91
35,57,92
35,58,93
35,59,94
35,60,95
35,61,96
35,62,97
35,63,98
35,64,99
35,65,100
35,66,101
35,67,102
35,68,103
35,69,104
35,70,105
35,71,106
35,72,107
35,73,108
35,74,109
35,75,110
35,76,111
35,77,112
35,78,113
35,79,114
35,80,115
35,81,116
35,82,117
35,83,118
35,84,119
35,85,120
35,86,121
35,87,122
35,88,123
35,89,124
35,90,125
35,91,126
35,92,127
35,93,128
35,94,129
35,95,130
35,96,131
35,97,132
35,98,133
35,99,134
35,100,135
36,36,72
36,37,73
36,38,74
36,39,75
36,40,76
36,41,77
36,42,78
36,43,79
36,44,80
36,45,81
36,46,82
36,47,83
36,48,84
36,49,85
36,50,86
36,51,87
36,52,88
36,53,89
36,54,90
36,55,91
36,56,92
36,57,93
36,58,94
36,59,95
36,60,96
36,61,97
36,62,98
36,63,99
36,64,100
36,65,101
36,66,102
36,67,103
36,68,104
36,69,105
36,70,106
36,71,107
36,72,108
36,73,109
36,74,110
36,75,111
36,76,112
36,77,113
36,78,114
36,79,115
36,80,116
36,81,117
36,82,118
36,83,119
36,84,120
36,85,121
36,86,122
36,87,123
36,88,124
36,89,125
36,90,126
36,91,127
36,92,128
36,93,129
36,94,130
36,95,131
36,96,132
36,97,133
36,98,134
36,99,135
36,100,136
37,37,74
37,38,75
37,39,76
37,40,77
37,41,78
37,42,79
37,43,80
37,44,81
37,45,82
37,46,83
37,47,84
37,48,85
37,49,86
37,50,87
37,51,88
37,52,89
37,53,90
37,54,91
37,55,92
37,56,93
37,57,94
37,58,95
37,59,96
37,60,97
37,61,98
37,62,99
37,63,100
37,64,101
37,65,102
37,66,103
37,67,104
37,68,105
37,69,106
37,70,107
37,71,108
37,72,109
37,73,110
37,74,111
37,75,112
37,76,113
37,77,114
37,78,115
37,79,116
37,80,117
37,81,118
37,82,119
37,83,120
37,84,121
37,85,122
37,86,123
37,87,124
37,88,125
37,89,126
37,90,127
37,91,128
37,92,129
37,93,130
37,94,131
37,95,132
37,96,133
37,97,134
37,98,135
37,99,136
37,100,137
38,38,76
38,39,77
38,40,78
38,41,79
38,42,80
38,43,81
38,44,82
38,45,83
38,46,84
38,47,85
38,48,86
38,49,87
38,50,88
38,51,89
38,52,90
38,53,91
38,54,92
38,55,93
38,56,94
38,57,95
38,58,96
38,59,97
38,60,98
38,61,99
38,62,100
38,63,101
38,64,102
38,65,103
38,66,104
38,67,105
38,68,106
38,69,107
38,70,108
38,71,109
38,72,110
38,73,111
38,74,112
38,75,113
38,76,114
38,77,115
38,78,116
38,79,117
38,80,118
38,81,119
38,82,120
38,83,121
38,84,122
38,85,123
38,86,124
38,87,125
38,88,126
38,89,127
38,90,128
38,91,129
38,92,130
38,93,131
38,94,132
38,95,133
38,96,134
38,97,135
38,98,136
38,99,137
38,100,138
39,39,78
39,40,79
39,41,80
39,42,81
39,43,82
39,44,83
39,45,84
39,46,85
39,47,86
39,48,87
39,49,88
39,50,89
39,51,90
39,52,91
39,53,92
39,54,93
39,55,94
39,56,95
39,57,96
39,58,97
39,59,98
39,60,99
39,61,100
39,62,101
39,63,102
39,64,103
39,65,104
39,66,105
39,67,106
39,68,107
39,69,108
39,70,109
39,71,110
39,72,111
39,73,112
39,74,113
39,75,114
39,76,115
39,77,116
39,78,117
39,79,118
39,80,119
39,81,120
39,82,121
39,83,122
39,84,123
39,85,124
39,86,125
39,87,126
39,88,127
39,89,128
39,90,129
39,91,130
39,92,131
39,93,132
39,94,133
39,95,134
39,96,135
39,97,136
39,98,137
39,99,138
39,100,139
40,40,80
40,41,81
40,42,82
40,43,83
40,44,84
40,45,85
40,46,86
40,47,87
40,48,88
40,49,89
40,50,90
40,51,91
40,52,92
40,53,93
40,54,94
40,55,95
40,56,96
40,57,97
40,58,98
40,59,99
40,60,100
40,61,101
40,62,102
40,63,103
40,64,104
40,65,105
40,66,106
40,67,107
40,68,108
40,69,109
40,70,110
40,71,111
40,72,112
40,73,113
40,74,114
40,75,115
40,76,116
40,77,117
40,78,118
40,79,119
40,80,120
40,81,121
40,82,122
40,83,123
40,84,124
40,85,125
40,86,126
40,87,127
40,88,128
40,89,129
40,90,130
40,91,131
40,92,132
40,93,133
40,94,134
40,95,135
40,96,136
40,97,137
40,98,138
40,99,139
40,100,140
41,41,82
41,42,83
41,43,84
41,44,85
41,45,86
41,46,87
41,47,88
41,48,89
41,49,90
41,50,91
41,51,92
41,52,93
41,53,94
41,54,95
41,55,96
41,56,97
41,57,98
41,58,99
41,59,100
41,60,101
41,61,102
41,62,103
41,63,104
41,64,105
41,65,106
41,66,107
41,67,108
41,68,109
41,69,110
41,70,111
41,71,112
41,72,113
41,73,114
41,74,115
41,75,116
41,76,117
41,77,118
41,78,119
41,79,120
41,80,121
41,81,122
41,82,123
41,83,124
41,84,125
41,85,126
41,86,127
41,87,128
41,88,129
41,89,130
41,90,131
41,91,132
41,92,133
41,93,134
41,94,135
41,95,136
41,96,137
41,97,138
41,98,139
41,99,140
41,100,141
42,42,84
42,43,85
42,44,86
42,45,87
42,46,88
42,47,89
42,48,90
42,49,91
42,50,92
42,51,93
42,52,94
42,53,95
42,54,96
42,55,97
42,56,98
42,57,99
42,58,100
42,59,101
42,60,102
42,61,103
42,62,104
42,63,105
42,64,106
42,65,107
42,66,108
42,67,109
42,68,110
42,69,111
42,70,112
42,71,113
42,72,114
42,73,115
42,74,116
42,75,117
42,76,118
42,77,119
42,78,120
42,79,121
42,80,122
42,81,123
42,82,124
42,83,125
42,84,126
42,85,127
42,86,128
42,87,129
42,88,130
42,89,131
42,90,132
42,91,133
42,92,134
42,93,135
42,94,136
42,95,137
42,96,138
42,97,139
42,98,140
42,99,141
42,100,142
43,43,86
43,44,87
43,45,88
43,46,89
43,47,90
43,48,91
43,49,92
43,50,93
43,51,94
43,52,95
43,53,96
43,54,97
43,55,98
43,56,99
43,57,100
43,58,101
43,59,102
43,60,103
43,61,104
43,62,105
43,63,106
43,64,107
43,65,108
43,66,109
43,67,110
43,68,111
43,69,112
43,70,113
43,71,114
43,72,115
43,73,116
43,74,117
43,75,118
43,76,119
43,77,120
43,78,121
43,79,122
43,80,123
43,81,124
43,82,125
43,83,126
43,84,127
43,85,128
43,86,129
43,87,130
43,88,131
43,89,132
43,90,133
43,91,134
43,92,135
43,93,136
43,94,137
43,95,138
43,96,139
43,97,140
43,98,141
43,99,142
43,100,143
44,44,88
44,45,89
44,46,90
44,47,91
44,48,92
44,49,93
44,50,94
44,51,95
44,52,96
44,53,97
44,54,98
44,55,99
44,56,100
44,57,101
44,58,102
44,59,103
44,60,104
44,61,105
44,62,106
44,63,107
44,64,108
44,65,109
44,66,110
44,67,111
44,68,112
44,69,113
44,70,114
44,71,115
44,72,116
44,73,117
44,74,118
44,75,119
44,76,120
44,77,121
44,78,122
44,79,123
44,80,124
44,81,125
44,82,126
44,83,127
44,84,128
44,85,129
44,86,130
44,87,131
44,88,132
44,89,133
44,90,134
44,91,135
44,92,136
44,93,137
44,94,138
44,95,139
44,96,140
44,97,141
44,98,142
44,99,143
44,100,144
45,45,90
45,46,91
45,47,92
45,48,93
45,49,94
45,50,95
45,51,96
45,52,97
45,53,98
45,54,99
45,55,100
45,56,101
45,57,102
45,58,103
45,59,104
45,60,105
45,61,106
45,62,107
45,63,108
45,64,109
45,65,110
45,66,111
45,67,112
45,68,113
45,69,114
45,70,115
45,71,116
45,72,117
45,73,118
45,74,119
45,75,120
45,76,121
45,77,122
45,78,123
45,79,124
45,80,125
45,81,126
45,82,127
45,83,128
45,84,129
45,85,130
45,86,131
45,87,132
45,88,133
45,89,134
45,90,135
45,91,136
45,92,137
45,93,138
45,94,139
45,95,140
45,96,141
45,97,142
45,98,143
45,99,144
45,100,145
46,46,92
46,47,93
46,48,94
46,49,95
46,50,96
46,51,97
46,52,98
46,53,99
46,54,100
46,55,101
46,56,102
46,57,103
46,58,104
46,59,105
46,60,106
46,61,107
46,62,108
46,63,109
46,64,110
46,65,111
46,66,112
46,67,113
46,68,114
46,69,115
46,70,116
46,71,117
46,72,118
46,73,119
46,74,120
46,75,121
46,76,122
46,77,123
46,78,124
46,79,125
46,80,126
46,81,127
46,82,128
46,83,129
46,84,130
46,85,131
46,86,132
46,87,133
46,88,134
46,89,135
46,90,136
46,91,137
46,92,138
46,93,139
46,94,140
46,95,141
46,96,142
46,97,143
46,98,144
46,99,145
46,100,146
47,47,94
47,48,95
47,49,96
47,50,97
47,51,98
47,52,99
47,53,100
47,54,101
47,55,102
47,56,103
47,57,104
47,58,105
47,59,106
47,60,107
47,61,108
47,62,109
47,63,110
47,64,111
47,65,112
47,66,113
47,67,114
47,68,115
47,69,116
47,70,117
47,71,118
47,72,119
47,73,120
47,74,121
47,75,122
47,76,123
47,77,124
47,78,125
47,79,126
47,80,127
47,81,128
47,82,129
47,83,130
47,84,131
47,85,132
47,86,133
47,87,134
47,88,135
47,89,136
47,90,137
47,91,138
47,92,139
47,93,140
47,94,141
47,95,142
47,96,143
47,97,144
47,98,145
47,99,146
47,100,147
48,48,96
48,49,97
48,50,98
48,51,99
48,52,100
48,53,101
48,54,102
48,55,103
48,56,104
48,57,105
48,58,106
48,59,107
48,60,108
48,61,109
48,62,110
48,63,111
48,64,112
48,65,113
48,66,114
48,67,115
48,68,116
48,69,117
48,70,118
48,71,119
48,72,120
48,73,121
48,74,122
48,75,123
48,76,124
48,77,125
48,78,126
48,79,127
48,80,128
48,81,129
48,82,130
48,83,131
48,84,132
48,85,133
48,86,134
48,87,135
48,88,136
48,89,137
48,90,138
48,91,139
48,92,140
48,93,141
48,94,142
48,95,143
48,96,144
48,97,145
48,98,146
48,99,147
48,100,148
49,49,98
49,50,99
49,51,100
49,52,101
49,53,102
49,54,103
49,55,104
49,56,105
49,57,106
49,58,107
49,59,108
49,60,109
49,61,110
49,62,111
49,63,112
49,64,113
49,65,114
49,66,115
49,67,116
49,68,117
49,69,118
49,70,119
49,71,120
49,72,121
49,73,122
49,74,123
49,75,124
49,76,125
49,77,126
49,78,127
49,79,128
49,80,129
49,81,130
49,82,131
49,83,132
49,84,133
49,85,134
49,86,135
49,87,136
49,88,137
49,89,138
49,90,139
49,91,140
49,92,141
49,93,142
49,94,143
49,95,144
49,96,145
49,97,146
49,98,147
49,99,148
49,100,149
50,50,100
50,51,101
50,52,102
50,53,103
50,54,104
50,55,105
50,56,106
50,57,107
50,58,108
50,59,109
50,60,110
50,61,111
50,62,112
50,63,113
50,64,114
50,65,115
50,66,116
50,67,117
50,68,118
50,69,119
50,70,120
50,71,121
50,72,122
50,73,123
50,74,124
50,75,125
50,76,126
50,77,127
50,78,128
50,79,129
50,80,130
50,81,131
50,82,132
50,83,133
50,84,134
50,85,135
50,86,136
50,87,137
50,88,138
50,89,139
50,90,140
50,91,141
50,92,142
50,93,143
50,94,144
50,95,145
50,96,146
50,97,147
50,98,148
50,99,149
50,100,150
51,51,102
51,52,103
51,53,104
51,54,105
51,55,106
51,56,107
51,57,108
51,58,109
51,59,110
51,60,111
51,61,112
51,62,113
51,63,114
51,64,115
51,65,116
51,66,117
51,67,118
51,68,119
51,69,120
51,70,121
51,71,122
51,72,123
51,73,124
51,74,125
51,75,126
51,76,127
51,77,128
51,78,129
51,79,130
51,80,131
51,81,132
51,82,133
51,83,134
51,84,135
51,85,136
51,86,137
51,87,138
51,88,139
51,89,140
51,90,141
51,91,142
51,92,143
51,93,144
51,94,145
51,95,146
51,96,147
51,97,148
51,98,149
51,99,150
51,100,151
52,52,104
52,53,105
52,54,106
52,55,107
52,56,108
52,57,109
52,58,110
52,59,111
52,60,112
52,61,113
52,62,114
52,63,115
52,64,116
52,65,117
52,66,118
52,67,119
52,68,120
52,69,121
52,70,122
52,71,123
52,72,124
52,73,125
52,74,126
52,75,127
52,76,128
52,77,129
52,78,130
52,79,131
52,80,132
52,81,133
52,82,134
52,83,135
52,84,136
52,85,137
52,86,138
52,87,139
52,88,140
52,89,141
52,90,142
52,91,143
52,92,144
52,93,145
52,94,146
52,95,147
52,96,148
52,97,149
52,98,150
52,99,151
52,100,152
53,53,106
53,54,107
53,55,108
53,56,109
53,57,110
53,58,111
53,59,112
53,60,113
53,61,114
53,62,115
53,63,116
53,64,117
53,65,118
53,66,119
53,67,120
53,68,121
53,69,122
53,70,123
53,71,124
53,72,125
53,73,126
53,74,127
53,75,128
53,76,129
53,77,130
53,78,131
53,79,132
53,80,133
53,81,134
53,82,135
53,83,136
53,84,137
53,85,138
53,86,139
53,87,140
53,88,141
53,89,142
53,90,143
53,91,144
53,92,145
53,93,146
53,94,147
53,95,148
53,96,149
53,97,150
53,98,151
53,99,152
53,100,153
54,54,108
54,55,109
54,56,110
54,57,111
54,58,112
54,59,113
54,60,114
54,61,115
54,62,116
54,63,117
54,64,118
54,65,119
54,66,120
54,67,121
54,68,122
54,69,123
54,70,124
54,71,125
54,72,126
54,73,127
54,74,128
54,75,129
54,76,130
54,77,131
54,78,132
54,79,133
54,80,134
54,81,135
54,82,136
54,83,137
54,84,138
54,85,139
54,86,140
54,87,141
54,88,142
54,89,143
54,90,144
54,91,145
54,92,146
54,93,147
54,94,148
54,95,149
54,96,150
54,97,151
54,98,152
54,99,153
54,100,154
55,55,110
55,56,111
55,57,112
55,58,113
55,59,114
55,60,115
55,61,116
55,62,117
55,63,118
55,64,119
55,65,120
55,66,121
55,67,122
55,68,123
55,69,124
55,70,125
55,71,126
55,72,127
55,73,128
55,74,129
55,75,130
55,76,131
55,77,132
55,78,133
55,79,134
55,80,135
55,81,136
55,82,137
55,83,138
55,84,139
55,85,140
55,86,141
55,87,142
55,88,143
55,89,144
55,90,145
55,91,146
55,92,147
55,93,148
55,94,149
55,95,150
55,96,151
55,97,152
55,98,153
55,99,154
55,100,155
56,56,112
56,57,113
56,58,114
56,59,115
56,60,116
56,61,117
56,62,118
56,63,119
56,64,120
56,65,121
56,66,122
56,67,123
56,68,124
56,69,125
56,70,126
56,71,127
56,72,128
56,73,129
56,74,130
56,75,131
56,76,132
56,77,133
56,78,134
56,79,135
56,80,136
56,81,137
56,82,138
56,83,139
56,84,140
56,85,141
56,86,142
56,87,143
56,88,144
56,89,145
56,90,146
56,91,147
56,92,148
56,93,149
56,94,150
56,95,151
56,96,152
56,97,153
56,98,154
56,99,155
56,100,156
57,57,114
57,58,115
57,59,116
57,60,117
57,61,118
57,62,119
57,63,120
57,64,121
57,65,122
57,66,123
57,67,124
57,68,125
57,69,126
57,70,127
57,71,128
57,72,129
57,73,130
57,74,131
57,75,132
57,76,133
57,77,134
57,78,135
57,79,136
57,80,137
57,81,138
57,82,139
57,83,140
57,84,141
57,85,142
57,86,143
57,87,144
57,88,145
57,89,146
57,90,147
57,91,148
57,92,149
57,93,150
57,94,151
57,95,152
57,96,153
57,97,154
57,98,155
57,99,156
57,100,157
58,58,116
58,59,117
58,60,118
58,61,119
58,62,120
58,63,121
58,64,122
58,65,123
58,66,124
58,67,125
58,68,126
58,69,127
58,70,128
58,71,129
58,72,130
58,73,131
58,74,132
58,75,133
58,76,134
58,77,135
58,78,136
58,79,137
58,80,138
58,81,139
58,82,140
58,83,141
58,84,142
58,85,143
58,86,144
58,87,145
58,88,146
58,89,147
58,90,148
58,91,149
58,92,150
58,93,151
58,94,152
58,95,153
58,96,154
58,97,155
58,98,156
58,99,157
58,100,158
59,59,118
59,60,119
59,61,120
59,62,121
59,63,122
59,64,123
59,65,124
59,66,125
59,67,126
59,68,127
59,69,128
59,70,129
59,71,130
59,72,131
59,73,132
59,74,133
59,75,134
59,76,135
59,77,136
59,78,137
59,79,138
59,80,139
59,81,140
59,82,141
59,83,142
59,84,143
59,85,144
59,86,145
59,87,146
59,88,147
59,89,148
59,90,149
59,91,150
59,92,151
59,93,152
59,94,153
59,95,154
59,96,155
59,97,156
59,98,157
59,99,158
59,100,159
60,60,120
60,61,121
60,62,122
60,63,123
60,64,124
60,65,125
60,66,126
60,67,127
60,68,128
60,69,129
60,70,130
60,71,131
60,72,132
60,73,133
60,74,134
60,75,135
60,76,136
60,77,137
60,78,138
60,79,139
60,80,140
60,81,141
60,82,142
60,83,143
60,84,144
60,85,145
60,86,146
60,87,147
60,88,148
60,89,149
60,90,150
60,91,151
60,92,152
60,93,153
60,94,154
60,95,155
60,96,156
60,97,157
60,98,158
60,99,159
60,100,160
61,61,122
61,62,123
61,63,124
61,64,125
61,65,126
61,66,127
61,67,128
61,68,129
61,69,130
61,70,131
61,71,132
61,72,133
61,73,134
61,74,135
61,75,136
61,76,137
61,77,138
61,78,139
61,79,140
61,80,141
61,81,142
61,82,143
61,83,144
61,84,145
61,85,146
61,86,147
61,87,148
61,88,149
61,89,150
61,90,151
61,91,152
61,92,153
61,93,154
61,94,155
61,95,156
61,96,157
61,97,158
61,98,159
61,99,160
61,100,161
62,62,124
62,63,125
62,64,126
62,65,127
62,66,128
62,67,129
62,68,130
62,69,131
62,70,132
62,71,133
62,72,134
62,73,135
62,74,136
62,75,137
62,76,138
62,77,139
62,78,140
62,79,141
62,80,142
62,81,143
62,82,144
62,83,145
62,84,146
62,85,147
62,86,148
62,87,149
62,88,150
62,89,151
62,90,152
62,91,153
62,92,154
62,93,155
62,94,156
62,95,157
62,96,158
62,97,159
62,98,160
62,99,161
62,100,162
63,63,126
63,64,127
63,65,128
63,66,129
63,67,130
63,68,131
63,69,132
63,70,133
63,71,134
63,72,135
63,73,136
63,74,137
63,75,138
63,76,139
63,77,140
63,78,141
63,79,142
63,80,143
63,81,144
63,82,145
63,83,146
63,84,147
63,85,148
63,86,149
63,87,150
63,88,151
63,89,152
63,90,153
63,91,154
63,92,155
63,93,156
63,94,157
63,95,158
63,96,159
63,97,160
63,98,161
63,99,162
63,100,163
64,64,128
64,65,129
64,66,130
64,67,131
64,68,132
64,69,133
64,70,134
64,71,135
64,72,136
64,73,137
64,74,138
64,75,139
64,76,140
64,77,141
64,78,142
64,79,143
64,80,144
64,81,145
64,82,146
64,83,147
64,84,148
64,85,149
64,86,150
64,87,151
64,88,152
64,89,153
64,90,154
64,91,155
64,92,156
64,93,157
64,94,158
64,95,159
64,96,160
64,97,161
64,98,162
64,99,163
64,100,164
65,65,130
65,66,131
65,67,132
65,68,133
65,69,134
65,70,135
65,71,136
65,72,137
65,73,138
65,74,139
65,75,140
65,76,141
65,77,142
65,78,143
65,79,144
65,80,145
65,81,146
65,82,147
65,83,148
65,84,149
65,85,150
65,86,151
65,87,152
65,88,153
65,89,154
65,90,155
65,91,156
65,92,157
65,93,158
65,94,159
65,95,160
65,96,161
65,97,162
65,98,163
65,99,164
65,100,165
66,66,132
66,67,133
66,68,134
66,69,135
66,70,136
66,71,137
66,72,138
66,73,139
66,74,140
66,75,141
66,76,142
66,77,143
66,78,144
66,79,145
66,80,146
66,81,147
66,82,148
66,83,149
66,84,150
66,85,151
66,86,152
66,87,153
66,88,154
66,89,155
66,90,156
66,91,157
66,92,158
66,93,159
66,94,160
66,95,161
66,96,162
66,97,163
66,98,164
66,99,165
66,100,166
67,67,134
67,68,135
67,69,136
67,70,137
67,71,138
67,72,139
67,73,140
67,74,141
67,75,142
67,76,143
67,77,144
67,78,145
67,79,146
67,80,147
67,81,148
67,82,149
67,83,150
67,84,151
67,85,152
67,86,153
67,87,154
67,88,155
67,89,156
67,90,157
67,91,158
67,92,159
67,93,160
67,94,161
67,95,162
67,96,163
67,97,164
67,98,165
67,99,166
67,100,167
68,68,136
68,69,137
68,70,138
68,71,139
68,72,140
68,73,141
68,74,142
68,75,143
68,76,144
68,77,145
68,78,146
68,79,147
68,80,148
68,81,149
68,82,150
68,83,151
68,84,152
68,85,153
68,86,154
68,87,155
68,88,156
68,89,157
68,90,158
68,91,159
68,92,160
68,93,161
68,94,162
68,95,163
68,96,164
68,97,165
68,98,166
68,99,167
68,100,168
69,69,138
69,70,139
69,71,140
69,72,141
69,73,142
69,74,143
69,75,144
69,76,145
69,77,146
69,78,147
69,79,148
69,80,149
69,81,150
69,82,151
69,83,152
69,84,153
69,85,154
69,86,155
69,87,156
69,88,157
69,89,158
69,90,159
69,91,160
69,92,161
69,93,162
69,94,163
69,95,164
69,96,165
69,97,166
69,98,167
69,99,168
69,100,169
70,70,140
70,71,141
70,72,142
70,73,143
70,74,144
70,75,145
70,76,146
70,77,147
70,78,148
70,79,149
70,80,150
70,81,151
70,82,152
70,83,153
70,84,154
70,85,155
70,86,156
70,87,157
70,88,158
70,89,159
70,90,160
70,91,161
70,92,162
70,93,163
70,94,164
70,95,165
70,96,166
70,97,167
70,98,168
70,99,169
70,100,170
71,71,142
71,72,143
71,73,144
71,74,145
71,75,146
71,76,147
71,77,148
71,78,149
71,79,150
71,80,151
71,81,152
71,82,153
71,83,154
71,84,155
71,85,156
71,86,157
71,87,158
71,88,159
71,89,160
71,90,161
71,91,162
71,92,163
71,93,164
71,94,165
71,95,166
71,96,167
71,97,168
71,98,169
71,99,170
71,100,171
72,72,144
72,73,145
72,74,146
72,75,147
72,76,148
72,77,149
72,78,150
72,79,151
72,80,152
72,81,153
72,82,154
72,83,155
72,84,156
72,85,157
72,86,158
72,87,159
72,88,160
72,89,161
72,90,162
72,91,163
72,92,164
72,93,165
72,94,166
72,95,167
72,96,168
72,97,169
72,98,170
72,99,171
72,100,172
73,73,146
73,74,147
73,75,148
73,76,149
73,77,150
73,78,151
73,79,152
73,80,153
73,81,154
73,82,155
73,83,156
73,84,157
73,85,158
73,86,159
73,87,160
73,88,161
73,89,162
73,90,163
73,91,164
73,92,165
73,93,166
73,94,167
73,95,168
73,96,169
73,97,170
73,98,171
73,99,172
73,100,173
74,74,148
74,75,149
74,76,150
74,77,151
74,78,152
74,79,153
74,80,154
74,81,155
74,82,156
74,83,157
74,84,158
74,85,159
74,86,160
74,87,161
74,88,162
74,89,163
74,90,164
74,91,165
74,92,166
74,93,167
74,94,168
74,95,169
74,96,170
74,97,171
74,98,172
74,99,173
74,100,174
75,75,150
75,76,151
75,77,152
75,78,153
75,79,154
75,80,155
75,81,156
75,82,157
75,83,158
75,84,159
75,85,160
75,86,161
75,87,162
75,88,163
75,89,164
75,90,165
75,91,166
75,92,167
75,93,168
75,94,169
75,95,170
75,96,171
75,97,172
75,98,173
75,99,174
75,100,175
76,76,152
76,77,153
76,78,154
76,79,155
76,80,156
76,81,157
76,82,158
76,83,159
76,84,160
76,85,161
76,86,162
76,87,163
76,88,164
76,89,165
76,90,166
76,91,167
76,92,168
76,93,169
76,94,170
76,95,171
76,96,172
76,97,173
76,98,174
76,99,175
76,100,176
77,77,154
77,78,155
77,79,156
77,80,157
77,81,158
77,82,159
77,83,160
77,84,161
77,85,162
77,86,163
77,87,164
77,88,165
77,89,166
77,90,167
77,91,168
77,92,169
77,93,170
77,94,171
77,95,172
77,96,173
77,97,174
77,98,175
77,99,176
77,100,177
78,78,156
78,79,157
78,80,158
78,81,159
78,82,160
78,83,161
78,84,162
78,85,163
78,86,164
78,87,165
78,88,166
78,89,167
78,90,168
78,91,169
78,92,170
78,93,171
78,94,172
78,95,173
78,96,174
78,97,175
78,98,176
78,99,177
78,100,178
79,79,158
79,80,159
79,81,160
79,82,161
79,83,162
79,84,163
79,85,164
79,86,165
79,87,166
79,88,167
79,89,168
79,90,169
79,91,170
79,92,171
79,93,172
79,94,173
79,95,174
79,96,175
79,97,176
79,98,177
79,99,178
79,100,179
80,80,160
80,81,161
80,82,162
80,83,163
80,84,164
80,85,165
80,86,166
80,87,167
80,88,168
80,89,169
80,90,170
80,91,171
80,92,172
80,93,173
80,94,174
80,95,175
80,96,176
80,97,177
80,98,178
80,99,179
80,100,180
81,81,162
81,82,163
81,83,164
81,84,165
81,85,166
81,86,167
81,87,168
81,88,169
81,89,170
81,90,171
81,91,172
81,92,173
81,93,174
81,94,175
81,95,176
81,96,177
81,97,178
81,98,179
81,99,180
81,100,181
82,82,164
82,83,165
82,84,166
82,85,167
82,86,168
82,87,169
82,88,170
82,89,171
82,90,172
82,91,173
82,92,174
82,93,175
82,94,176
82,95,177
82,96,178
82,97,179
82,98,180
82,99,181
82,100,182
83,83,166
83,84,167
83,85,168
83,86,169
83,87,170
83,88,171
83,89,172
83,90,173
83,91,174
83,92,175
83,93,176
83,94,177
83,95,178
83,96,179
83,97,180
83,98,181
83,99,182
83,100,183
84,84,168
84,85,169
84,86,170
84,87,171
84,88,172
84,89,173
84,90,174
84,91,175
84,92,176
84,93,177
84,94,178
84,95,179
84,96,180
84,97,181
84,98,182
84,99,183
84,100,184
85,85,170
85,86,171
85,87,172
85,88,173
85,89,174
85,90,175
85,91,176
85,92,177
85,93,178
85,94,179
85,95,180
85,96,181
85,97,182
85,98,183
85,99,184
85,100,185
86,86,172
86,87,173
86,88,174
86,89,175
86,90,176
86,91,177
86,92,178
86,93,179
86,94,180
86,95,181
86,96,182
86,97,183
86,98,184
86,99,185
86,100,186
87,87,174
87,88,175
87,89,176
87,90,177
87,91,178
87,92,179
87,93,180
87,94,181
87,95,182
87,96,183
87,97,184
87,98,185
87,99,186
87,100,187
88,88,176
88,89,177
88,90,178
88,91,179
88,92,180
88,93,181
88,94,182
88,95,183
88,96,184
88,97,185
88,98,186
88,99,187
88,100,188
89,89,178
89,90,179
89,91,180
89,92,181
89,93,182
89,94,183
89,95,184
89,96,185
89,97,186
89,98,187
89,99,188
89,100,189
90,90,180
90,91,181
90,92,182
90,93,183
90,94,184
90,95,185
90,96,186
90,97,187
90,98,188
90,99,189
90,100,190
91,91,182
91,92,183
91,93,184
91,94,185
91,95,186
91,96,187
91,97,188
91,98,189
91,99,190
91,100,191
92,92,184
92,93,185
92,94,186
92,95,187
92,96,188
92,97,189
92,98,190
92,99,191
92,100,192
93,93,186
93,94,187
93,95,188
93,96,189
93,97,190
93,98,191
93,99,192
93,100,193
94,94,188
94,95,189
94,96,190
94,97,191
94,98,192
94,99,193
94,100,194
95,95,190
95,96,191
95,97,192
95,98,193
95,99,194
95,100,195
96,96,192
96,97,193
96,98,194
96,99,195
96,100,196
97,97,194
97,98,195
97,99,196
97,100,197
98,98,196
98,99,197
98,100,198
99,99,198
99,100,199
100,100,200
