minuend,subtrahend,difference
4,2,2
5,3,2
6,4,2
7,5,2
8,6,2
9,7,2
10,8,2
11,9,2
12,10,2
13,11,2
14,12,2
15,13,2
16,14,2
17,15,2
18,16,2
19,17,2
20,18,2
21,19,2
22,20,2
23,21,2
24,22,2
25,23,2
26,24,2
27,25,2
28,26,2
29,27,2
30,28,2
31,29,2
32,30,2
33,31,2
34,32,2
35,33,2
36,34,2
37,35,2
38,36,2
39,37,2
40,38,2
41,39,2
42,40,2
43,41,2
44,42,2
45,43,2
46,44,2
47,45,2
48,46,2
49,47,2
50,48,2
51,49,2
52,50,2
53,51,2
54,52,2
55,53,2
56,54,2
57,55,2
58,56,2
59,57,2
60,58,2
61,59,2
62,60,2
63,61,2
64,62,2
65,63,2
66,64,2
67,65,2
68,66,2
69,67,2
70,68,2
71,69,2
72,70,2
73,71,2
74,72,2
75,73,2
76,74,2
77,75,2
78,76,2
79,77,2
80,78,2
81,79,2
82,80,2
83,81,2
84,82,2
85,83,2
86,84,2
87,85,2
88,86,2
89,87,2
90,88,2
91,89,2
92,90,2
93,91,2
94,92,2
95,93,2
96,94,2
97,95,2
98,96,2
99,97,2
100,98,2
101,99,2
102,100,2
6,3,3
7,4,3
8,5,3
9,6,3
10,7,3
11,8,3
12,9,3
13,10,3
14,11,3
15,12,3
16,13,3
17,14,3
18,15,3
19,16,3
20,17,3
21,18,3
22,19,3
23,20,3
24,21,3
25,22,3
26,23,3
27,24,3
28,25,3
29,26,3
30,27,3
31,28,3
32,29,3
33,30,3
34,31,3
35,32,3
36,33,3
37,34,3
38,35,3
39,36,3
40,37,3
41,38,3
42,39,3
43,40,3
44,41,3
45,42,3
46,43,3
47,44,3
48,45,3
49,46,3
50,47,3
51,48,3
52,49,3
53,50,3
54,51,3
55,52,3
56,53,3
57,54,3
58,55,3
59,56,3
60,57,3
61,58,3
62,59,3
63,60,3
64,61,3
65,62,3
66,63,3
67,64,3
68,65,3
69,66,3
70,67,3
71,68,3
72,69,3
73,70,3
74,71,3
75,72,3
76,73,3
77,74,3
78,75,3
79,76,3
80,77,3
81,78,3
82,79,3
83,80,3
84,81,3
85,82,3
86,83,3
87,84,3
88,85,3
89,86,3
90,87,3
91,88,3
92,89,3
93,90,3
94,91,3
95,92,3
96,93,3
97,94,3
98,95,3
99,96,3
100,97,3
101,98,3
102,99,3
103,100,3
8,4,4
9,5,4
10,6,4
11,7,4
12,8,4
13,9,4
14,10,4
15,11,4
16,12,4
17,13,4
18,14,4
19,15,4
20,16,4
21,17,4
22,18,4
23,19,4
24,20,4
25,21,4
26,22,4
27,23,4
28,24,4
29,25,4
30,26,4
31,27,4
32,28,4
33,29,4
34,30,4
35,31,4
36,32,4
37,33,4
38,34,4
39,35,4
40,36,4
41,37,4
42,38,4
43,39,4
44,40,4
45,41,4
46,42,4
47,43,4
48,44,4
49,45,4
50,46,4
51,47,4
52,48,4
53,49,4
54,50,4
55,51,4
56,52,4
57,53,4
58,54,4
59,55,4
60,56,4
61,57,4
62,58,4
63,59,4
64,60,4
65,61,4
66,62,4
67,63,4
68,64,4
69,65,4
70,66,4
71,67,4
72,68,4
73,69,4
74,70,4
75,71,4
76,72,4
77,73,4
78,74,4
79,75,4
80,76,4
81,77,4
82,78,4
83,79,4
84,80,4
85,81,4
86,82,4
87,83,4
88,84,4
89,85,4
90,86,4
91,87,4
92,88,4
93,89,4
94,90,4
95,91,4
96,92,4
97,93,4
98,94,4
99,95,4
100,96,4
101,97,4
102,98,4
103,99,4
104,100,4
10,5,5
11,6,5
12,7,5
13,8,5
14,9,5
15,10,5
16,11,5
17,12,5
18,13,5
19,14,5
20,15,5
21,16,5
22,17,5
23,18,5
24,19,5
25,20,5
26,21,5
27,22,5
28,23,5
29,24,5
30,25,5
31,26,5
32,27,5
33,28,5
34,29,5
35,30,5
36,31,5
37,32,5
38,33,5
39,34,5
40,35,5
41,36,5
42,37,5
43,38,5
44,39,5
45,40,5
46,41,5
47,42,5
48,43,5
49,44,5
50,45,5
51,46,5
52,47,5
53,48,5
54,49,5
55,50,5
56,51,5
57,52,5
58,53,5
59,54,5
60,55,5
61,56,5
62,57,5
63,58,5
64,59,5
65,60,5
66,61,5
67,62,5
68,63,5
69,64,5
70,65,5
71,66,5
72,67,5
73,68,5
74,69,5
75,70,5
76,71,5
77,72,5
78,73,5
79,74,5
80,75,5
81,76,5
82,77,5
83,78,5
84,79,5
85,80,5
86,81,5
87,82,5
88,83,5
89,84,5
90,85,5
91,86,5
92,87,5
93,88,5
94,89,5
95,90,5
96,91,5
97,92,5
98,93,5
99,94,5
100,95,5
101,96,5
102,97,5
103,98,5
104,99,5
105,100,5
12,6,6
13,7,6
14,8,6
15,9,6
16,10,6
17,11,6
18,12,6
19,13,6
20,14,6
21,15,6
22,16,6
23,17,6
24,18,6
25,19,6
26,20,6
27,21,6
28,22,6
29,23,6
30,24,6
31,25,6
32,26,6
33,27,6
34,28,6
35,29,6
36,30,6
37,31,6
38,32,6
39,33,6
40,34,6
41,35,6
42,36,6
43,37,6
44,38,6
45,39,6
46,40,6
47,41,6
48,42,6
49,43,6
50,44,6
51,45,6
52,46,6
53,47,6
54,48,6
55,49,6
56,50,6
57,51,6
58,52,6
59,53,6
60,54,6
61,55,6
62,56,6
63,57,6
64,58,6
65,59,6
66,60,6
67,61,6
68,62,6
69,63,6
70,64,6
71,65,6
72,66,6
73,67,6
74,68,6
75,69,6
76,70,6
77,71,6
78,72,6
79,73,6
80,74,6
81,75,6
82,76,6
83,77,6
84,78,6
85,79,6
86,80,6
87,81,6
88,82,6
89,83,6
90,84,6
91,85,6
92,86,6
93,87,6
94,88,6
95,89,6
96,90,6
97,91,6
98,92,6
99,93,6
100,94,6
101,95,6
102,96,6
103,97,6
104,98,6
105,99,6
106,100,6
14,7,7
15,8,7
16,9,7
17,10,7
18,11,7
19,12,7
20,13,7
21,14,7
22,15,7
23,16,7
24,17,7
25,18,7
26,19,7
27,20,7
28,21,7
29,22,7
30,23,7
31,24,7
32,25,7
33,26,7
34,27,7
35,28,7
36,29,7
37,30,7
38,31,7
39,32,7
40,33,7
41,34,7
42,35,7
43,36,7
44,37,7
45,38,7
46,39,7
47,40,7
48,41,7
49,42,7
50,43,7
51,44,7
52,45,7
53,46,7
54,47,7
55,48,7
56,49,7
57,50,7
58,51,7
59,52,7
60,53,7
61,54,7
62,55,7
63,56,7
64,57,7
65,58,7
66,59,7
67,60,7
68,61,7
69,62,7
70,63,7
71,64,7
72,65,7
73,66,7
74,67,7
75,68,7
76,69,7
77,70,7
78,71,7
79,72,7
80,73,7
81,74,7
82,75,7
83,76,7
84,77,7
85,78,7
86,79,7
87,80,7
88,81,7
89,82,7
90,83,7
91,84,7
92,85,7
93,86,7
94,87,7
95,88,7
96,89,7
97,90,7
98,91,7
99,92,7
100,93,7
101,94,7
102,95,7
103,96,7
104,97,7
105,98,7
106,99,7
107,100,7
16,8,8
17,9,8
18,10,8
19,11,8
20,12,8
21,13,8
22,14,8
23,15,8
24,16,8
25,17,8
26,18,8
27,19,8
28,20,8
29,21,8
30,22,8
31,23,8
32,24,8
33,25,8
34,26,8
35,27,8
36,28,8
37,29,8
38,30,8
39,31,8
40,32,8
41,33,8
42,34,8
43,35,8
44,36,8
45,37,8
46,38,8
47,39,8
48,40,8
49,41,8
50,42,8
51,43,8
52,44,8
53,45,8
54,46,8
55,47,8
56,48,8
57,49,8
58,50,8
59,51,8
60,52,8
61,53,8
62,54,8
63,55,8
64,56,8
65,57,8
66,58,8
67,59,8
68,60,8
69,61,8
70,62,8
71,63,8
72,64,8
73,65,8
74,66,8
75,67,8
76,68,8
77,69,8
78,70,8
79,71,8
80,72,8
81,73,8
82,74,8
83,75,8
84,76,8
85,77,8
86,78,8
87,79,8
88,80,8
89,81,8
90,82,8
91,83,8
92,84,8
93,85,8
94,86,8
95,87,8
96,88,8
97,89,8
98,90,8
99,91,8
100,92,8
101,93,8
102,94,8
103,95,8
104,96,8
105,97,8
106,98,8
107,99,8
108,100,8
18,9,9
19,10,9
20,11,9
21,12,9
22,13,9
23,14,9
24,15,9
25,16,9
26,17,9
27,18,9
28,19,9
29,20,9
30,21,9
31,22,9
32,23,9
33,24,9
34,25,9
35,26,9
36,27,9
37,28,9
38,29,9
39,30,9
40,31,9
41,32,9
42,33,9
43,34,9
44,35,9
45,36,9
46,37,9
47,38,9
48,39,9
49,40,9
50,41,9
51,42,9
52,43,9
53,44,9
54,45,9
55,46,9
56,47,9
57,48,9
58,49,9
59,50,9
60,51,9
61,52,9
62,53,9
63,54,9
64,55,9
65,56,9
66,57,9
67,58,9
68,59,9
69,60,9
70,61,9
71,62,9
72,63,9
73,64,9
74,65,9
75,66,9
76,67,9
77,68,9
78,69,9
79,70,9
80,71,9
81,72,9
82,73,9
83,74,9
84,75,9
85,76,9
86,77,9
87,78,9
88,79,9
89,80,9
90,81,9
91,82,9
92,83,9
93,84,9
94,85,9
95,86,9
96,87,9
97,88,9
98,89,9
99,90,9
100,91,9
101,92,9
102,93,9
103,94,9
104,95,9
105,96,9
106,97,9
107,98,9
108,99,9
109,100,9
20,10,10
21,11,10
22,12,10
23,13,10
24,14,10
25,15,10
26,16,10
27,17,10
28,18,10
29,19,10
30,20,10
31,21,10
32,22,10
33,23,10
34,24,10
35,25,10
36,26,10
37,27,10
38,28,10
39,29,10
40,30,10
41,31,10
42,32,10
43,33,10
44,34,10
45,35,10
46,36,10
47,37,10
48,38,10
49,39,10
50,40,10
51,41,10
52,42,10
53,43,10
54,44,10
55,45,10
56,46,10
57,47,10
58,48,10
59,49,10
60,50,10
61,51,10
62,52,10
63,53,10
64,54,10
65,55,10
66,56,10
67,57,10
68,58,10
69,59,10
70,60,10
71,61,10
72,62,10
73,63,10
74,64,10
75,65,10
76,66,10
77,67,10
78,68,10
79,69,10
80,70,10
81,71,10
82,72,10
83,73,10
84,74,10
85,75,10
86,76,10
87,77,10
88,78,10
89,79,10
90,80,10
91,81,10
92,82,10
93,83,10
94,84,10
95,85,10
96,86,10
97,87,10
98,88,10
99,89,10
100,90,10
101,91,10
102,92,10
103,93,10
104,94,10
105,95,10
106,96,10
107,97,10
108,98,10
109,99,10
110,100,10
22,11,11
23,12,11
24,13,11
25,14,11
26,15,11
27,16,11
28,17,11
29,18,11
30,19,11
31,20,11
32,21,11
33,22,11
34,23,11
35,24,11
36,25,11
37,26,11
38,27,11
39,28,11
40,29,11
41,30,11
42,31,11
43,32,11
44,33,11
45,34,11
46,35,11
47,36,11
48,37,11
49,38,11
50,39,11
51,40,11
52,41,11
53,42,11
54,43,11
55,44,11
56,45,11
57,46,11
58,47,11
59,48,11
60,49,11
61,50,11
62,51,11
63,52,11
64,53,11
65,54,11
66,55,11
67,56,11
68,57,11
69,58,11
70,59,11
71,60,11
72,61,11
73,62,11
74,63,11
75,64,11
76,65,11
77,66,11
78,67,11
79,68,11
80,69,11
81,70,11
82,71,11
83,72,11
84,73,11
85,74,11
86,75,11
87,76,11
88,77,11
89,78,11
90,79,11
91,80,11
92,81,11
93,82,11
94,83,11
95,84,11
96,85,11
97,86,11
98,87,11
99,88,11
100,89,11
101,90,11
102,91,11
103,92,11
104,93,11
105,94,11
106,95,11
107,96,11
108,97,11
109,98,11
110,99,11
111,100,11
24,12,12
25,13,12
26,14,12
27,15,12
28,16,12
29,17,12
30,18,12
31,19,12
32,20,12
33,21,12
34,22,12
35,23,12
36,24,12
37,25,12
38,26,12
39,27,12
40,28,12
41,29,12
42,30,12
43,31,12
44,32,12
45,33,12
46,34,12
47,35,12
48,36,12
49,37,12
50,38,12
51,39,12
52,40,12
53,41,12
54,42,12
55,43,12
56,44,12
57,45,12
58,46,12
59,47,12
60,48,12
61,49,12
62,50,12
63,51,12
64,52,12
65,53,12
66,54,12
67,55,12
68,56,12
69,57,12
70,58,12
71,59,12
72,60,12
73,61,12
74,62,12
75,63,12
76,64,12
77,65,12
78,66,12
79,67,12
80,68,12
81,69,12
82,70,12
83,71,12
84,72,12
85,73,12
86,74,12
87,75,12
88,76,12
89,77,12
90,78,12
91,79,12
92,80,12
93,81,12
94,82,12
95,83,12
96,84,12
97,85,12
98,86,12
99,87,12
100,88,12
101,89,12
102,90,12
103,91,12
104,92,12
105,93,12
106,94,12
107,95,12
108,96,12
109,97,12
110,98,12
111,99,12
112,100,12
26,13,13
27,14,13
28,15,13
29,16,13
30,17,13
31,18,13
32,19,13
33,20,13
34,21,13
35,22,13
36,23,13
37,24,13
38,25,13
39,26,13
40,27,13
41,28,13
42,29,13
43,30,13
44,31,13
45,32,13
46,33,13
47,34,13
48,35,13
49,36,13
50,37,13
51,38,13
52,39,13
53,40,13
54,41,13
55,42,13
56,43,13
57,44,13
58,45,13
59,46,13
60,47,13
61,48,13
62,49,13
63,50,13
64,51,13
65,52,13
66,53,13
67,54,13
68,55,13
69,56,13
70,57,13
71,58,13
72,59,13
73,60,13
74,61,13
75,62,13
76,63,13
77,64,13
78,65,13
79,66,13
80,67,13
81,68,13
82,69,13
83,70,13
84,71,13
85,72,13
86,73,13
87,74,13
88,75,13
89,76,13
90,77,13
91,78,13
92,79,13
93,80,13
94,81,13
95,82,13
96,83,13
97,84,13
98,85,13
99,86,13
100,87,13
101,88,13
102,89,13
103,90,13
104,91,13
105,92,13
106,93,13
107,94,13
108,95,13
109,96,13
110,97,13
111,98,13
112,99,13
113,100,13
28,14,14
29,15,14
30,16,14
31,17,14
32,18,14
33,19,14
34,20,14
35,21,14
36,22,14
37,23,14
38,24,14
39,25,14
40,26,14
41,27,14
42,28,14
43,29,14
44,30,14
45,31,14
46,32,14
47,33,14
48,34,14
49,35,14
50,36,14
51,37,14
52,38,14
53,39,14
54,40,14
55,41,14
56,42,14
57,43,14
58,44,14
59,45,14
60,46,14
61,47,14
62,48,14
63,49,14
64,50,14
65,51,14
66,52,14
67,53,14
68,54,14
69,55,14
70,56,14
71,57,14
72,58,14
73,59,14
74,60,14
75,61,14
76,62,14
77,63,14
78,64,14
79,65,14
80,66,14
81,67,14
82,68,14
83,69,14
84,70,14
85,71,14
86,72,14
87,73,14
88,74,14
89,75,14
90,76,14
91,77,14
92,78,14
93,79,14
94,80,14
95,81,14
96,82,14
97,83,14
98,84,14
99,85,14
100,86,14
101,87,14
102,88,14
103,89,14
104,90,14
105,91,14
106,92,14
107,93,14
108,94,14
109,95,14
110,96,14
111,97,14
112,98,14
113,99,14
114,100,14
30,15,15
31,16,15
32,17,15
33,18,15
34,19,15
35,20,15
36,21,15
37,22,15
38,23,15
39,24,15
40,25,15
41,26,15
42,27,15
43,28,15
44,29,15
45,30,15
46,31,15
47,32,15
48,33,15
49,34,15
50,35,15
51,36,15
52,37,15
53,38,15
54,39,15
55,40,15
56,41,15
57,42,15
58,43,15
59,44,15
60,45,15
61,46,15
62,47,15
63,48,15
64,49,15
65,50,15
66,51,15
67,52,15
68,53,15
69,54,15
70,55,15
71,56,15
72,57,15
73,58,15
74,59,15
75,60,15
76,61,15
77,62,15
78,63,15
79,64,15
80,65,15
81,66,15
82,67,15
83,68,15
84,69,15
85,70,15
86,71,15
87,72,15
88,73,15
89,74,15
90,75,15
91,76,15
92,77,15
93,78,15
94,79,15
95,80,15
96,81,15
97,82,15
98,83,15
99,84,15
100,85,15
101,86,15
102,87,15
103,88,15
104,89,15
105,90,15
106,91,15
107,92,15
108,93,15
109,94,15
110,95,15
111,96,15
112,97,15
113,98,15
114,99,15
115,100,15
32,16,16
33,17,16
34,18,16
35,19,16
36,20,16
37,21,16
38,22,16
39,23,16
40,24,16
41,25,16
42,26,16
43,27,16
44,28,16
45,29,16
46,30,16
47,31,16
48,32,16
49,33,16
50,34,16
51,35,16
52,36,16
53,37,16
54,38,16
55,39,16
56,40,16
57,41,16
58,42,16
59,43,16
60,44,16
61,45,16
62,46,16
63,47,16
64,48,16
65,49,16
66,50,16
67,51,16
68,52,16
69,53,16
70,54,16
71,55,16
72,56,16
73,57,16
74,58,16
75,59,16
76,60,16
77,61,16
78,62,16
79,63,16
80,64,16
81,65,16
82,66,16
83,67,16
84,68,16
85,69,16
86,70,16
87,71,16
88,72,16
89,73,16
90,74,16
91,75,16
92,76,16
93,77,16
94,78,16
95,79,16
96,80,16
97,81,16
98,82,16
99,83,16
100,84,16
101,85,16
102,86,16
103,87,16
104,88,16
105,89,16
106,90,16
107,91,16
108,92,16
109,93,16
110,94,16
111,95,16
112,96,16
113,97,16
114,98,16
115,99,16
116,100,16
34,17,17
35,18,17
36,19,17
37,20,17
38,21,17
39,22,17
40,23,17
41,24,17
42,25,17
43,26,17
44,27,17
45,28,17
46,29,17
47,30,17
48,31,17
49,32,17
50,33,17
51,34,17
52,35,17
53,36,17
54,37,17
55,38,17
56,39,17
57,40,17
58,41,17
59,42,17
60,43,17
61,44,17
62,45,17
63,46,17
64,47,17
65,48,17
66,49,17
67,50,17
68,51,17
69,52,17
70,53,17
71,54,17
72,55,17
73,56,17
74,57,17
75,58,17
76,59,17
77,60,17
78,61,17
79,62,17
80,63,17
81,64,17
82,65,17
83,66,17
84,67,17
85,68,17
86,69,17
87,70,17
88,71,17
89,72,17
90,73,17
91,74,17
92,75,17
93,76,17
94,77,17
95,78,17
96,79,17
97,80,17
98,81,17
99,82,17
100,83,17
101,84,17
102,85,17
103,86,17
104,87,17
105,88,17
106,89,17
107,90,17
108,91,17
109,92,17
110,93,17
111,94,17
112,95,17
113,96,17
114,97,17
115,98,17
116,99,17
117,100,17
36,18,18
37,19,18
38,20,18
39,21,18
40,22,18
41,23,18
42,24,18
43,25,18
44,26,18
45,27,18
46,28,18
47,29,18
48,30,18
49,31,18
50,32,18
51,33,18
52,34,18
53,35,18
54,36,18
55,37,18
56,38,18
57,39,18
58,40,18
59,41,18
60,42,18
61,43,18
62,44,18
63,45,18
64,46,18
65,47,18
66,48,18
67,49,18
68,50,18
69,51,18
70,52,18
71,53,18
72,54,18
73,55,18
74,56,18
75,57,18
76,58,18
77,59,18
78,60,18
79,61,18
80,62,18
81,63,18
82,64,18
83,65,18
84,66,18
85,67,18
86,68,18
87,69,18
88,70,18
89,71,18
90,72,18
91,73,18
92,74,18
93,75,18
94,76,18
95,77,18
96,78,18
97,79,18
98,80,18
99,81,18
100,82,18
101,83,18
102,84,18
103,85,18
104,86,18
105,87,18
106,88,18
107,89,18
108,90,18
109,91,18
110,92,18
111,93,18
112,94,18
113,95,18
114,96,18
115,97,18
116,98,18
117,99,18
118,100,18
38,19,19
39,20,19
40,21,19
41,22,19
42,23,19
43,24,19
44,25,19
45,26,19
46,27,19
47,28,19
48,29,19
49,30,19
50,31,19
51,32,19
52,33,19
53,34,19
54,35,19
55,36,19
56,37,19
57,38,19
58,39,19
59,40,19
60,41,19
61,42,19
62,43,19
63,44,19
64,45,19
65,46,19
66,47,19
67,48,19
68,49,19
69,50,19
70,51,19
71,52,19
72,53,19
73,54,19
74,55,19
75,56,19
76,57,19
77,58,19
78,59,19
79,60,19
80,61,19
81,62,19
82,63,19
83,64,19
84,65,19
85,66,19
86,67,19
87,68,19
88,69,19
89,70,19
90,71,19
91,72,19
92,73,19
93,74,19
94,75,19
95,76,19
96,77,19
97,78,19
98,79,19
99,80,19
100,81,19
101,82,19
102,83,19
103,84,19
104,85,19
105,86,19
106,87,19
107,88,19
108,89,19
109,90,19
110,91,19
111,92,19
112,93,19
113,94,19
114,95,19
115,96,19
116,97,19
117,98,19
118,99,19
119,100,19
40,20,20
41,21,20
42,22,20
43,23,20
44,24,20
45,25,20
46,26,20
47,27,20
48,28,20
49,29,20
50,30,20
51,31,20
52,32,20
53,33,20
54,34,20
55,35,20
56,36,20
57,37,20
58,38,20
59,39,20
60,40,20
61,41,20
62,42,20
63,43,20
64,44,20
65,45,20
66,46,20
67,47,20
68,48,20
69,49,20
70,50,20
71,51,20
72,52,20
73,53,20
74,54,20
75,55,20
76,56,20
77,57,20
78,58,20
79,59,20
80,60,20
81,61,20
82,62,20
83,63,20
84,64,20
85,65,20
86,66,20
87,67,20
88,68,20
89,69,20
90,70,20
91,71,20
92,72,20
93,73,20
94,74,20
95,75,20
96,76,20
97,77,20
98,78,20
99,79,20
100,80,20
101,81,20
102,82,20
103,83,20
104,84,20
105,85,20
106,86,20
107,87,20
108,88,20
109,89,20
110,90,20
111,91,20
112,92,20
113,93,20
114,94,20
115,95,20
116,96,20
117,97,20
118,98,20
119,99,20
120,100,20
42,21,21
43,22,21
44,23,21
45,24,21
46,25,21
47,26,21
48,27,21
49,28,21
50,29,21
51,30,21
52,31,21
53,32,21
54,33,21
55,34,21
56,35,21
57,36,21
58,37,21
59,38,21
60,39,21
61,40,21
62,41,21
63,42,21
64,43,21
65,44,21
66,45,21
67,46,21
68,47,21
69,48,21
70,49,21
71,50,21
72,51,21
73,52,21
74,53,21
75,54,21
76,55,21
77,56,21
78,57,21
79,58,21
80,59,21
81,60,21
82,61,21
83,62,21
84,63,21
85,64,21
86,65,21
87,66,21
88,67,21
89,68,21
90,69,21
91,70,21
92,71,21
93,72,21
94,73,21
95,74,21
96,75,21
97,76,21
98,77,21
99,78,21
100,79,21
101,80,21
102,81,21
103,82,21
104,83,21
105,84,21
106,85,21
107,86,21
108,87,21
109,88,21
110,89,21
111,90,21
112,91,21
113,92,21
114,93,21
115,94,21
116,95,21
117,96,21
118,97,21
119,98,21
120,99,21
121,100,21
44,22,22
45,23,22
46,24,22
47,25,22
48,26,22
49,27,22
50,28,22
51,29,22
52,30,22
53,31,22
54,32,22
55,33,22
56,34,22
57,35,22
58,36,22
59,37,22
60,38,22
61,39,22
62,40,22
63,41,22
64,42,22
65,43,22
66,44,22
67,45,22
68,46,22
69,47,22
70,48,22
71,49,22
72,50,22
73,51,22
74,52,22
75,53,22
76,54,22
77,55,22
78,56,22
79,57,22
80,58,22
81,59,22
82,60,22
83,61,22
84,62,22
85,63,22
86,64,22
87,65,22
88,66,22
89,67,22
90,68,22
91,69,22
92,70,22
93,71,22
94,72,22
95,73,22
96,74,22
97,75,22
98,76,22
99,77,22
100,78,22
101,79,22
102,80,22
103,81,22
104,82,22
105,83,22
106,84,22
107,85,22
108,86,22
109,87,22
110,88,22
111,89,22
112,90,22
113,91,22
114,92,22
115,93,22
116,94,22
117,95,22
118,96,22
119,97,22
120,98,22
121,99,22
122,100,22
46,23,23
47,24,23
48,25,23
49,26,23
50,27,23
51,28,23
52,29,23
53,30,23
54,31,23
55,32,23
56,33,23
57,34,23
58,35,23
59,36,23
60,37,23
61,38,23
62,39,23
63,40,23
64,41,23
65,42,23
66,43,23
67,44,23
68,45,23
69,46,23
70,47,23
71,48,23
72,49,23
73,50,23
74,51,23
75,52,23
76,53,23
77,54,23
78,55,23
79,56,23
80,57,23
81,58,23
82,59,23
83,60,23
84,61,23
85,62,23
86,63,23
87,64,23
88,65,23
89,66,23
90,67,23
91,68,23
92,69,23
93,70,23
94,71,23
95,72,23
96,73,23
97,74,23
98,75,23
99,76,23
100,77,23
101,78,23
102,79,23
103,80,23
104,81,23
105,82,23
106,83,23
107,84,23
108,85,23
109,86,23
110,87,23
111,88,23
112,89,23
113,90,23
114,91,23
115,92,23
116,93,23
117,94,23
118,95,23
119,96,23
120,97,23
121,98,23
122,99,23
123,100,23
48,24,24
49,25,24
50,26,24
51,27,24
52,28,24
53,29,24
54,30,24
55,31,24
56,32,24
57,33,24
58,34,24
59,35,24
60,36,24
61,37,24
62,38,24
63,39,24
64,40,24
65,41,24
66,42,24
67,43,24
68,44,24
69,45,24
70,46,24
71,47,24
72,48,24
73,49,24
74,50,24
75,51,24
76,52,24
77,53,24
78,54,24
79,55,24
80,56,24
81,57,24
82,58,24
83,59,24
84,60,24
85,61,24
86,62,24
87,63,24
88,64,24
89,65,24
90,66,24
91,67,24
92,68,24
93,69,24
94,70,24
95,71,24
96,72,24
97,73,24
98,74,24
99,75,24
100,76,24
101,77,24
102,78,24
103,79,24
104,80,24
105,81,24
106,82,24
107,83,24
108,84,24
109,85,24
110,86,24
111,87,24
112,88,24
113,89,24
114,90,24
115,91,24
116,92,24
117,93,24
118,94,24
119,95,24
120,96,24
121,97,24
122,98,24
123,99,24
124,100,24
50,25,25
51,26,25
52,27,25
53,28,25
54,29,25
55,30,25
56,31,25
57,32,25
58,33,25
59,34,25
60,35,25
61,36,25
62,37,25
63,38,25
64,39,25
65,40,25
66,41,25
67,42,25
68,43,25
69,44,25
70,45,25
71,46,25
72,47,25
73,48,25
74,49,25
75,50,25
76,51,25
77,52,25
78,53,25
79,54,25
80,55,25
81,56,25
82,57,25
83,58,25
84,59,25
85,60,25
86,61,25
87,62,25
88,63,25
89,64,25
90,65,25
91,66,25
92,67,25
93,68,25
94,69,25
95,70,25
96,71,25
97,72,25
98,73,25
99,74,25
100,75,25
101,76,25
102,77,25
103,78,25
104,79,25
105,80,25
106,81,25
107,82,25
108,83,25
109,84,25
110,85,25
111,86,25
112,87,25
113,88,25
114,89,25
115,90,25
116,91,25
117,92,25
118,93,25
119,94,25
120,95,25
121,96,25
122,97,25
123,98,25
124,99,25
125,100,25
52,26,26
53,27,26
54,28,26
55,29,26
56,30,26
57,31,26
58,32,26
59,33,26
60,34,26
61,35,26
62,36,26
63,37,26
64,38,26
65,39,26
66,40,26
67,41,26
68,42,26
69,43,26
70,44,26
71,45,26
72,46,26
73,47,26
74,48,26
75,49,26
76,50,26
77,51,26
78,52,26
79,53,26
80,54,26
81,55,26
82,56,26
83,57,26
84,58,26
85,59,26
86,60,26
87,61,26
88,62,26
89,63,26
90,64,26
91,65,26
92,66,26
93,67,26
94,68,26
95,69,26
96,70,26
97,71,26
98,72,26
99,73,26
100,74,26
101,75,26
102,76,26
103,77,26
104,78,26
105,79,26
106,80,26
107,81,26
108,82,26
109,83,26
110,84,26
111,85,26
112,86,26
113,87,26
114,88,26
115,89,26
116,90,26
117,91,26
118,92,26
119,93,26
120,94,26
121,95,26
122,96,26
123,97,26
124,98,26
125,99,26
126,100,26
54,27,27
55,28,27
56,29,27
57,30,27
58,31,27
59,32,27
60,33,27
61,34,27
62,35,27
63,36,27
64,37,27
65,38,27
66,39,27
67,40,27
68,41,27
69,42,27
70,43,27
71,44,27
72,45,27
73,46,27
74,47,27
75,48,27
76,49,27
77,50,27
78,51,27
79,52,27
80,53,27
81,54,27
82,55,27
83,56,27
84,57,27
85,58,27
86,59,27
87,60,27
88,61,27
89,62,27
90,63,27
91,64,27
92,65,27
93,66,27
94,67,27
95,68,27
96,69,27
97,70,27
98,71,27
99,72,27
100,73,27
101,74,27
102,75,27
103,76,27
104,77,27
105,78,27
106,79,27
107,80,27
108,81,27
109,82,27
110,83,27
111,84,27
112,85,27
113,86,27
114,87,27
115,88,27
116,89,27
117,90,27
118,91,27
119,92,27
120,93,27
121,94,27
122,95,27
123,96,27
124,97,27
125,98,27
126,99,27
127,100,27
56,28,28
57,29,28
58,30,28
59,31,28
60,32,28
61,33,28
62,34,28
63,35,28
64,36,28
65,37,28
66,38,28
67,39,28
68,40,28
69,41,28
70,42,28
71,43,28
72,44,28
73,45,28
74,46,28
75,47,28
76,48,28
77,49,28
78,50,28
79,51,28
80,52,28
81,53,28
82,54,28
83,55,28
84,56,28
85,57,28
86,58,28
87,59,28
88,60,28
89,61,28
90,62,28
91,63,28
92,64,28
93,65,28
94,66,28
95,67,28
96,68,28
97,69,28
98,70,28
99,71,28
100,72,28
101,73,28
102,74,28
103,75,28
104,76,28
105,77,28
106,78,28
107,79,28
108,80,28
109,81,28
110,82,28
111,83,28
112,84,28
113,85,28
114,86,28
115,87,28
116,88,28
117,89,28
118,90,28
119,91,28
120,92,28
121,93,28
122,94,28
123,95,28
124,96,28
125,97,28
126,98,28
127,99,28
128,100,28
58,29,29
59,30,29
60,31,29
61,32,29
62,33,29
63,34,29
64,35,29
65,36,29
66,37,29
67,38,29
68,39,29
69,40,29
70,41,29
71,42,29
72,43,29
73,44,29
74,45,29
75,46,29
76,47,29
77,48,29
78,49,29
79,50,29
80,51,29
81,52,29
82,53,29
83,54,29
84,55,29
85,56,29
86,57,29
87,58,29
88,59,29
89,60,29
90,61,29
91,62,29
92,63,29
93,64,29
94,65,29
95,66,29
96,67,29
97,68,29
98,69,29
99,70,29
100,71,29
101,72,29
102,73,29
103,74,29
104,75,29
105,76,29
106,77,29
107,78,29
108,79,29
109,80,29
110,81,29
111,82,29
112,83,29
113,84,29
114,85,29
115,86,29
116,87,29
117,88,29
118,89,29
119,90,29
120,91,29
121,92,29
122,93,29
123,94,29
124,95,29
125,96,29
126,97,29
127,98,29
128,99,29
129,100,29
60,30,30
61,31,30
62,32,30
63,33,30
64,34,30
65,35,30
66,36,30
67,37,30
68,38,30
69,39,30
70,40,30
71,41,30
72,42,30
73,43,30
74,44,30
75,45,30
76,46,30
77,47,30
78,48,30
79,49,30
80,50,30
81,51,30
82,52,30
83,53,30
84,54,30
85,55,30
86,56,30
87,57,30
88,58,30
89,59,30
90,60,30
91,61,30
92,62,30
93,63,30
94,64,30
95,65,30
96,66,30
97,67,30
98,68,30
99,69,30
100,70,30
101,71,30
102,72,30
103,73,30
104,74,30
105,75,30
106,76,30
107,77,30
108,78,30
109,79,30
110,80,30
111,81,30
112,82,30
113,83,30
114,84,30
115,85,30
116,86,30
117,87,30
118,88,30
119,89,30
120,90,30
121,91,30
122,92,30
123,93,30
124,94,30
125,95,30
126,96,30
127,97,30
128,98,30
129,99,30
130,100,30
62,31,31
63,32,31
64,33,31
65,34,31
66,35,31
67,36,31
68,37,31
69,38,31
70,39,31
71,40,31
72,41,31
73,42,31
74,43,31
75,44,31
76,45,31
77,46,31
78,47,31
79,48,31
80,49,31
81,50,31
82,51,31
83,52,31
84,53,31
85,54,31
86,55,31
87,56,31
88,57,31
89,58,31
90,59,31
91,60,31
92,61,31
93,62,31
94,63,31
95,64,31
96,65,31
97,66,31
98,67,31
99,68,31
100,69,31
101,70,31
102,71,31
103,72,31
104,73,31
105,74,31
106,75,31
107,76,31
108,77,31
109,78,31
110,79,31
111,80,31
112,81,31
113,82,31
114,83,31
115,84,31
116,85,31
117,86,31
118,87,31
119,88,31
120,89,31
121,90,31
122,91,31
123,92,31
124,93,31
125,94,31
126,95,31
127,96,31
128,97,31
129,98,31
130,99,31
131,100,31
64,32,32
65,33,32
66,34,32
67,35,32
68,36,32
69,37,32
70,38,32
71,39,32
72,40,32
73,41,32
74,42,32
75,43,32
76,44,32
77,45,32
78,46,32
79,47,32
80,48,32
81,49,32
82,50,32
83,51,32
84,52,32
85,53,32
86,54,32
87,55,32
88,56,32
89,57,32
90,58,32
91,59,32
92,60,32
93,61,32
94,62,32
95,63,32
96,64,32
97,65,32
98,66,32
99,67,32
100,68,32
101,69,32
102,70,32
103,71,32
104,72,32
105,73,32
106,74,32
107,75,32
108,76,32
109,77,32
110,78,32
111,79,32
112,80,32
113,81,32
114,82,32
115,83,32
116,84,32
117,85,32
118,86,32
119,87,32
120,88,32
121,89,32
122,90,32
123,91,32
124,92,32
125,93,32
126,94,32
127,95,32
128,96,32
129,97,32
130,98,32
131,99,32
132,100,32
66,33,33
67,34,33
68,35,33
69,36,33
70,37,33
71,38,33
72,39,33
73,40,33
74,41,33
75,42,33
76,43,33
77,44,33
78,45,33
79,46,33
80,47,33
81,48,33
82,49,33
83,50,33
84,51,33
85,52,33
86,53,33
87,54,33
88,55,33
89,56,33
90,57,33
91,58,33
92,59,33
93,60,33
94,61,33
95,62,33
96,63,33
97,64,33
98,65,33
99,66,33
100,67,33
101,68,33
102,69,33
103,70,33
104,71,33
105,72,33
106,73,33
107,74,33
108,75,33
109,76,33
110,77,33
111,78,33
112,79,33
113,80,33
114,81,33
115,82,33
116,83,33
117,84,33
118,85,33
119,86,33
120,87,33
121,88,33
122,89,33
123,90,33
124,91,33
125,92,33
126,93,33
127,94,33
128,95,33
129,96,33
130,97,33
131,98,33
132,99,33
133,100,33
68,34,34
69,35,34
70,36,34
71,37,34
72,38,34
73,39,34
74,40,34
75,41,34
76,42,34
77,43,34
78,44,34
79,45,34
80,46,34
81,47,34
82,48,34
83,49,34
84,50,34
85,51,34
86,52,34
87,53,34
88,54,34
89,55,34
90,56,34
91,57,34
92,58,34
93,59,34
94,60,34
95,61,34
96,62,34
97,63,34
98,64,34
99,65,34
100,66,34
101,67,34
102,68,34
103,69,34
104,70,34
105,71,34
106,72,34
107,73,34
108,74,34
109,75,34
110,76,34
111,77,34
112,78,34
113,79,34
114,80,34
115,81,34
116,82,34
117,83,34
118,84,34
119,85,34
120,86,34
121,87,34
122,88,34
123,89,34
124,90,34
125,91,34
126,92,34
127,93,34
128,94,34
129,95,34
130,96,34
131,97,34
132,98,34
133,99,34
134,100,34
70,35,35
71,36,35
72,37,35
73,38,35
74,39,35
75,40,35
76,41,35
77,42,35
78,43,35
79,44,35
80,45,35
81,46,35
82,47,35
83,48,35
84,49,35
85,50,35
86,51,35
87,52,35
88,53,35
89,54,35
90,55,35
91,56,35
92,57,35
93,58,35
94,59,35
95,60,35
96,61,35
97,62,35
98,63,35
99,64,35
100,65,35
101,66,35
102,67,35
103,68,35
104,69,35
105,70,35
106,71,35
107,72,35
108,73,35
109,74,35
110,75,35
111,76,35
112,77,35
113,78,35
114,79,35
115,80,35
116,81,35
117,82,35
118,83,35
119,84,35
120,85,35
121,86,35
122,87,35
123,88,35
124,89,35
125,90,35
126,91,35
127,92,35
128,93,35
129,94,35
130,95,35
131,96,35
132,97,35
133,98,35
134,99,35
135,100,35
72,36,36
73,37,36
74,38,36
75,39,36
76,40,36
77,41,36
78,42,36
79,43,36
80,44,36
81,45,36
82,46,36
83,47,36
84,48,36
85,49,36
86,50,36
87,51,36
88,52,36
89,53,36
90,54,36
91,55,36
92,56,36
93,57,36
94,58,36
95,59,36
96,60,36
97,61,36
98,62,36
99,63,36
100,64,36
101,65,36
102,66,36
103,67,36
104,68,36
105,69,36
106,70,36
107,71,36
108,72,36
109,73,36
110,74,36
111,75,36
112,76,36
113,77,36
114,78,36
115,79,36
116,80,36
117,81,36
118,82,36
119,83,36
120,84,36
121,85,36
122,86,36
123,87,36
124,88,36
125,89,36
126,90,36
127,91,36
128,92,36
129,93,36
130,94,36
131,95,36
132,96,36
133,97,36
134,98,36
135,99,36
136,100,36
74,37,37
75,38,37
76,39,37
77,40,37
78,41,37
79,42,37
80,43,37
81,44,37
82,45,37
83,46,37
84,47,37
85,48,37
86,49,37
87,50,37
88,51,37
89,52,37
90,53,37
91,54,37
92,55,37
93,56,37
94,57,37
95,58,37
96,59,37
97,60,37
98,61,37
99,62,37
100,63,37
101,64,37
102,65,37
103,66,37
104,67,37
105,68,37
106,69,37
107,70,37
108,71,37
109,72,37
110,73,37
111,74,37
112,75,37
113,76,37
114,77,37
115,78,37
116,79,37
117,80,37
118,81,37
119,82,37
120,83,37
121,84,37
122,85,37
123,86,37
124,87,37
125,88,37
126,89,37
127,90,37
128,91,37
129,92,37
130,93,37
131,94,37
132,95,37
133,96,37
134,97,37
135,98,37
136,99,37
137,100,37
76,38,38
77,39,38
78,40,38
79,41,38
80,42,38
81,43,38
82,44,38
83,45,38
84,46,38
85,47,38
86,48,38
87,49,38
88,50,38
89,51,38
90,52,38
91,53,38
92,54,38
93,55,38
94,56,38
95,57,38
96,58,38
97,59,38
98,60,38
99,61,38
100,62,38
101,63,38
102,64,38
103,65,38
104,66,38
105,67,38
106,68,38
107,69,38
108,70,38
109,71,38
110,72,38
111,73,38
112,74,38
113,75,38
114,76,38
115,77,38
116,78,38
117,79,38
118,80,38
119,81,38
120,82,38
121,83,38
122,84,38
123,85,38
124,86,38
125,87,38
126,88,38
127,89,38
128,90,38
129,91,38
130,92,38
131,93,38
132,94,38
133,95,38
134,96,38
135,97,38
136,98,38
137,99,38
138,100,38
78,39,39
79,40,39
80,41,39
81,42,39
82,43,39
83,44,39
84,45,39
85,46,39
86,47,39
87,48,39
88,49,39
89,50,39
90,51,39
91,52,39
92,53,39
93,54,39
94,55,39
95,56,39
96,57,39
97,58,39
98,59,39
99,60,39
100,61,39
101,62,39
102,63,39
103,64,39
104,65,39
105,66,39
106,67,39
107,68,39
108,69,39
109,70,39
110,71,39
111,72,39
112,73,39
113,74,39
114,75,39
115,76,39
116,77,39
117,78,39
118,79,39
119,80,39
120,81,39
121,82,39
122,83,39
123,84,39
124,85,39
125,86,39
126,87,39
127,88,39
128,89,39
129,90,39
130,91,39
131,92,39
132,93,39
133,94,39
134,95,39
135,96,39
136,97,39
137,98,39
138,99,39
139,100,39
80,40,40
81,41,40
82,42,40
83,43,40
84,44,40
85,45,40
86,46,40
87,47,40
88,48,40
89,49,40
90,50,40
91,51,40
92,52,40
93,53,40
94,54,40
95,55,40
96,56,40
97,57,40
98,58,40
99,59,40
100,60,40
101,61,40
102,62,40
103,63,40
104,64,40
105,65,40
106,66,40
107,67,40
108,68,40
109,69,40
110,70,40
111,71,40
112,72,40
113,73,40
114,74,40
115,75,40
116,76,40
117,77,40
118,78,40
119,79,40
120,80,40
121,81,40
122,82,40
123,83,40
124,84,40
125,85,40
126,86,40
127,87,40
128,88,40
129,89,40
130,90,40
131,91,40
132,92,40
133,93,40
134,94,40
135,95,40
136,96,40
137,97,40
138,98,40
139,99,40
140,100,40
82,41,41
83,42,41
84,43,41
85,44,41
86,45,41
87,46,41
88,47,41
89,48,41
90,49,41
91,50,41
92,51,41
93,52,41
94,53,41
95,54,41
96,55,41
97,56,41
98,57,41
99,58,41
100,59,41
101,60,41
102,61,41
103,62,41
104,63,41
105,64,41
106,65,41
107,66,41
108,67,41
109,68,41
110,69,41
111,70,41
112,71,41
113,72,41
114,73,41
115,74,41
116,75,41
117,76,41
118,77,41
119,78,41
120,79,41
121,80,41
122,81,41
123,82,41
124,83,41
125,84,41
126,85,41
127,86,41
128,87,41
129,88,41
130,89,41
131,90,41
132,91,41
133,92,41
134,93,41
135,94,41
136,95,41
137,96,41
138,97,41
139,98,41
140,99,41
141,100,41
84,42,42
85,43,42
86,44,42
87,45,42
88,46,42
89,47,42
90,48,42
91,49,42
92,50,42
93,51,42
94,52,42
95,53,42
96,54,42
97,55,42
98,56,42
99,57,42
100,58,42
101,59,42
102,60,42
103,61,42
104,62,42
105,63,42
106,64,42
107,65,42
108,66,42
109,67,42
110,68,42
111,69,42
112,70,42
113,71,42
114,72,42
115,73,42
116,74,42
117,75,42
118,76,42
119,77,42
120,78,42
121,79,42
122,80,42
123,81,42
124,82,42
125,83,42
126,84,42
127,85,42
128,86,42
129,87,42
130,88,42
131,89,42
132,90,42
133,91,42
134,92,42
135,93,42
136,94,42
137,95,42
138,96,42
139,97,42
140,98,42
141,99,42
142,100,42
86,43,43
87,44,43
88,45,43
89,46,43
90,47,43
91,48,43
92,49,43
93,50,43
94,51,43
95,52,43
96,53,43
97,54,43
98,55,43
99,56,43
100,57,43
101,58,43
102,59,43
103,60,43
104,61,43
105,62,43
106,63,43
107,64,43
108,65,43
109,66,43
110,67,43
111,68,43
112,69,43
113,70,43
114,71,43
115,72,43
116,73,43
117,74,43
118,75,43
119,76,43
120,77,43
121,78,43
122,79,43
123,80,43
124,81,43
125,82,43
126,83,43
127,84,43
128,85,43
129,86,43
130,87,43
131,88,43
132,89,43
133,90,43
134,91,43
135,92,43
136,93,43
137,94,43
138,95,43
139,96,43
140,97,43
141,98,43
142,99,43
143,100,43
88,44,44
89,45,44
90,46,44
91,47,44
92,48,44
93,49,44
94,50,44
95,51,44
96,52,44
97,53,44
98,54,44
99,55,44
100,56,44
101,57,44
102,58,44
103,59,44
104,60,44
105,61,44
106,62,44
107,63,44
108,64,44
109,65,44
110,66,44
111,67,44
112,68,44
113,69,44
114,70,44
115,71,44
116,72,44
117,73,44
118,74,44
119,75,44
120,76,44
121,77,44
122,78,44
123,79,44
124,80,44
125,81,44
126,82,44
127,83,44
128,84,44
129,85,44
130,86,44
131,87,44
132,88,44
133,89,44
134,90,44
135,91,44
136,92,44
137,93,44
138,94,44
139,95,44
140,96,44
141,97,44
142,98,44
143,99,44
144,100,44
90,45,45
91,46,45
92,47,45
93,48,45
94,49,45
95,50,45
96,51,45
97,52,45
98,53,45
99,54,45
100,55,45
101,56,45
102,57,45
103,58,45
104,59,45
105,60,45
106,61,45
107,62,45
108,63,45
109,64,45
110,65,45
111,66,45
112,67,45
113,68,45
114,69,45
115,70,45
116,71,45
117,72,45
118,73,45
119,74,45
120,75,45
121,76,45
122,77,45
123,78,45
124,79,45
125,80,45
126,81,45
127,82,45
128,83,45
129,84,45
130,85,45
131,86,45
132,87,45
133,88,45
134,89,45
135,90,45
136,91,45
137,92,45
138,93,45
139,94,45
140,95,45
141,96,45
142,97,45
143,98,45
144,99,45
145,100,45
92,46,46
93,47,46
94,48,46
95,49,46
96,50,46
97,51,46
98,52,46
99,53,46
100,54,46
101,55,46
102,56,46
103,57,46
104,58,46
105,59,46
106,60,46
107,61,46
108,62,46
109,63,46
110,64,46
111,65,46
112,66,46
113,67,46
114,68,46
115,69,46
116,70,46
117,71,46
118,72,46
119,73,46
120,74,46
121,75,46
122,76,46
123,77,46
124,78,46
125,79,46
126,80,46
127,81,46
128,82,46
129,83,46
130,84,46
131,85,46
132,86,46
133,87,46
134,88,46
135,89,46
136,90,46
137,91,46
138,92,46
139,93,46
140,94,46
141,95,46
142,96,46
143,97,46
144,98,46
145,99,46
146,100,46
94,47,47
95,48,47
96,49,47
97,50,47
98,51,47
99,52,47
100,53,47
101,54,47
102,55,47
103,56,47
104,57,47
105,58,47
106,59,47
107,60,47
108,61,47
109,62,47
110,63,47
111,64,47
112,65,47
113,66,47
114,67,47
115,68,47
116,69,47
117,70,47
118,71,47
119,72,47
120,73,47
121,74,47
122,75,47
123,76,47
124,77,47
125,78,47
126,79,47
127,80,47
128,81,47
129,82,47
130,83,47
131,84,47
132,85,47
133,86,47
134,87,47
135,88,47
136,89,47
137,90,47
138,91,47
139,92,47
140,93,47
141,94,47
142,95,47
143,96,47
144,97,47
145,98,47
146,99,47
147,100,47
96,48,48
97,49,48
98,50,48
99,51,48
100,52,48
101,53,48
102,54,48
103,55,48
104,56,48
105,57,48
106,58,48
107,59,48
108,60,48
109,61,48
110,62,48
111,63,48
112,64,48
113,65,48
114,66,48
115,67,48
116,68,48
117,69,48
118,70,48
119,71,48
120,72,48
121,73,48
122,74,48
123,75,48
124,76,48
125,77,48
126,78,48
127,79,48
128,80,48
129,81,48
130,82,48
131,83,48
132,84,48
133,85,48
134,86,48
135,87,48
136,88,48
137,89,48
138,90,48
139,91,48
140,92,48
141,93,48
142,94,48
143,95,48
144,96,48
145,97,48
146,98,48
147,99,48
148,100,48
98,49,49
99,50,49
100,51,49
101,52,49
102,53,49
103,54,49
104,55,49
105,56,49
106,57,49
107,58,49
108,59,49
109,60,49
110,61,49
111,62,49
112,63,49
113,64,49
114,65,49
115,66,49
116,67,49
117,68,49
118,69,49
119,70,49
120,71,49
121,72,49
122,73,49
123,74,49
124,75,49
125,76,49
126,77,49
127,78,49
128,79,49
129,80,49
130,81,49
131,82,49
132,83,49
133,84,49
134,85,49
135,86,49
136,87,49
137,88,49
138,89,49
139,90,49
140,91,49
141,92,49
142,93,49
143,94,49
144,95,49
145,96,49
146,97,49
147,98,49
148,99,49
149,100,49
100,50,50
101,51,50
102,52,50
103,53,50
104,54,50
105,55,50
106,56,50
107,57,50
108,58,50
109,59,50
110,60,50
111,61,50
112,62,50
113,63,50
114,64,50
115,65,50
116,66,50
117,67,50
118,68,50
119,69,50
120,70,50
121,71,50
122,72,50
123,73,50
124,74,50
125,75,50
126,76,50
127,77,50
128,78,50
129,79,50
130,80,50
131,81,50
132,82,50
133,83,50
134,84,50
135,85,50
136,86,50
137,87,50
138,88,50
139,89,50
140,90,50
141,91,50
142,92,50
143,93,50
144,94,50
145,95,50
146,96,50
147,97,50
148,98,50
149,99,50
150,100,50
102,51,51
103,52,51
104,53,51
105,54,51
106,55,51
107,56,51
108,57,51
109,58,51
110,59,51
111,60,51
112,61,51
113,62,51
114,63,51
115,64,51
116,65,51
117,66,51
118,67,51
119,68,51
120,69,51
121,70,51
122,71,51
123,72,51
124,73,51
125,74,51
126,75,51
127,76,51
128,77,51
129,78,51
130,79,51
131,80,51
132,81,51
133,82,51
134,83,51
135,84,51
136,85,51
137,86,51
138,87,51
139,88,51
140,89,51
141,90,51
142,91,51
143,92,51
144,93,51
145,94,51
146,95,51
147,96,51
148,97,51
149,98,51
150,99,51
151,100,51
104,52,52
105,53,52
106,54,52
107,55,52
108,56,52
109,57,52
110,58,52
111,59,52
112,60,52
113,61,52
114,62,52
115,63,52
116,64,52
117,65,52
118,66,52
119,67,52
120,68,52
121,69,52
122,70,52
123,71,52
124,72,52
125,73,52
126,74,52
127,75,52
128,76,52
129,77,52
130,78,52
131,79,52
132,80,52
133,81,52
134,82,52
135,83,52
136,84,52
137,85,52
138,86,52
139,87,52
140,88,52
141,89,52
142,90,52
143,91,52
144,92,52
145,93,52
146,94,52
147,95,52
148,96,52
149,97,52
150,98,52
151,99,52
152,100,52
106,53,53
107,54,53
108,55,53
109,56,53
110,57,53
111,58,53
112,59,53
113,60,53
114,61,53
115,62,53
116,63,53
117,64,53
118,65,53
119,66,53
120,67,53
121,68,53
122,69,53
123,70,53
124,71,53
125,72,53
126,73,53
127,74,53
128,75,53
129,76,53
130,77,53
131,78,53
132,79,53
133,80,53
134,81,53
135,82,53
136,83,53
137,84,53
138,85,53
139,86,53
140,87,53
141,88,53
142,89,53
143,90,53
144,91,53
145,92,53
146,93,53
147,94,53
148,95,53
149,96,53
150,97,53
151,98,53
152,99,53
153,100,53
108,54,54
109,55,54
110,56,54
111,57,54
112,58,54
113,59,54
114,60,54
115,61,54
116,62,54
117,63,54
118,64,54
119,65,54
120,66,54
121,67,54
122,68,54
123,69,54
124,70,54
125,71,54
126,72,54
127,73,54
128,74,54
129,75,54
130,76,54
131,77,54
132,78,54
133,79,54
134,80,54
135,81,54
136,82,54
137,83,54
138,84,54
139,85,54
140,86,54
141,87,54
142,88,54
143,89,54
144,90,54
145,91,54
146,92,54
147,93,54
148,94,54
149,95,54
150,96,54
151,97,54
152,98,54
153,99,54
154,100,54
110,55,55
111,56,55
112,57,55
113,58,55
114,59,55
115,60,55
116,61,55
117,62,55
118,63,55
119,64,55
120,65,55
121,66,55
122,67,55
123,68,55
124,69,55
125,70,55
126,71,55
127,72,55
128,73,55
129,74,55
130,75,55
131,76,55
132,77,55
133,78,55
134,79,55
135,80,55
136,81,55
137,82,55
138,83,55
139,84,55
140,85,55
141,86,55
142,87,55
143,88,55
144,89,55
145,90,55
146,91,55
147,92,55
148,93,55
149,94,55
150,95,55
151,96,55
152,97,55
153,98,55
154,99,55
155,100,55
112,56,56
113,57,56
114,58,56
115,59,56
116,60,56
117,61,56
118,62,56
119,63,56
120,64,56
121,65,56
122,66,56
123,67,56
124,68,56
125,69,56
126,70,56
127,71,56
128,72,56
129,73,56
130,74,56
131,75,56
132,76,56
133,77,56
134,78,56
135,79,56
136,80,56
137,81,56
138,82,56
139,83,56
140,84,56
141,85,56
142,86,56
143,87,56
144,88,56
145,89,56
146,90,56
147,91,56
148,92,56
149,93,56
150,94,56
151,95,56
152,96,56
153,97,56
154,98,56
155,99,56
156,100,56
114,57,57
115,58,57
116,59,57
117,60,57
118,61,57
119,62,57
120,63,57
121,64,57
122,65,57
123,66,57
124,67,57
125,68,57
126,69,57
127,70,57
128,71,57
129,72,57
130,73,57
131,74,57
132,75,57
133,76,57
134,77,57
135,78,57
136,79,57
137,80,57
138,81,57
139,82,57
140,83,57
141,84,57
142,85,57
143,86,57
144,87,57
145,88,57
146,89,57
147,90,57
148,91,57
149,92,57
150,93,57
151,94,57
152,95,57
153,96,57
154,97,57
155,98,57
156,99,57
157,100,57
116,58,58
117,59,58
118,60,58
119,61,58
120,62,58
121,63,58
122,64,58
123,65,58
124,66,58
125,67,58
126,68,58
127,69,58
128,70,58
129,71,58
130,72,58
131,73,58
132,74,58
133,75,58
134,76,58
135,77,58
136,78,58
137,79,58
138,80,58
139,81,58
140,82,58
141,83,58
142,84,58
143,85,58
144,86,58
145,87,58
146,88,58
147,89,58
148,90,58
149,91,58
150,92,58
151,93,58
152,94,58
153,95,58
154,96,58
155,97,58
156,98,58
157,99,58
158,100,58
118,59,59
119,60,59
120,61,59
121,62,59
122,63,59
123,64,59
124,65,59
125,66,59
126,67,59
127,68,59
128,69,59
129,70,59
130,71,59
131,72,59
132,73,59
133,74,59
134,75,59
135,76,59
136,77,59
137,78,59
138,79,59
139,80,59
140,81,59
141,82,59
142,83,59
143,84,59
144,85,59
145,86,59
146,87,59
147,88,59
148,89,59
149,90,59
150,91,59
151,92,59
152,93,59
153,94,59
154,95,59
155,96,59
156,97,59
157,98,59
158,99,59
159,100,59
120,60,60
121,61,60
122,62,60
123,63,60
124,64,60
125,65,60
126,66,60
127,67,60
128,68,60
129,69,60
130,70,60
131,71,60
132,72,60
133,73,60
134,74,60
135,75,60
136,76,60
137,77,60
138,78,60
139,79,60
140,80,60
141,81,60
142,82,60
143,83,60
144,84,60
145,85,60
146,86,60
147,87,60
148,88,60
149,89,60
150,90,60
151,91,60
152,92,60
153,93,60
154,94,60
155,95,60
156,96,60
157,97,60
158,98,60
159,99,60
160,100,60
122,61,61
123,62,61
124,63,61
125,64,61
126,65,61
127,66,61
128,67,61
129,68,61
130,69,61
131,70,61
132,71,61
133,72,61
134,73,61
135,74,61
136,75,61
137,76,61
138,77,61
139,78,61
140,79,61
141,80,61
142,81,61
143,82,61
144,83,61
145,84,61
146,85,61
147,86,61
148,87,61
149,88,61
150,89,61
151,90,61
152,91,61
153,92,61
154,93,61
155,94,61
156,95,61
157,96,61
158,97,61
159,98,61
160,99,61
161,100,61
124,62,62
125,63,62
126,64,62
127,65,62
128,66,62
129,67,62
130,68,62
131,69,62
132,70,62
133,71,62
134,72,62
135,73,62
136,74,62
137,75,62
138,76,62
139,77,62
140,78,62
141,79,62
142,80,62
143,81,62
144,82,62
145,83,62
146,84,62
147,85,62
148,86,62
149,87,62
150,88,62
151,89,62
152,90,62
153,91,62
154,92,62
155,93,62
156,94,62
157,95,62
158,96,62
159,97,62
160,98,62
161,99,62
162,100,62
126,63,63
127,64,63
128,65,63
129,66,63
130,67,63
131,68,63
132,69,63
133,70,63
134,71,63
135,72,63
136,73,63
137,74,63
138,75,63
139,76,63
140,77,63
141,78,63
142,79,63
143,80,63
144,81,63
145,82,63
146,83,63
147,84,63
148,85,63
149,86,63
150,87,63
151,88,63
152,89,63
153,90,63
154,91,63
155,92,63
156,93,63
157,94,63
158,95,63
159,96,63
160,97,63
161,98,63
162,99,63
163,100,63
128,64,64
129,65,64
130,66,64
131,67,64
132,68,64
133,69,64
134,70,64
135,71,64
136,72,64
137,73,64
138,74,64
139,75,64
140,76,64
141,77,64
142,78,64
143,79,64
144,80,64
145,81,64
146,82,64
147,83,64
148,84,64
149,85,64
150,86,64
151,87,64
152,88,64
153,89,64
154,90,64
155,91,64
156,92,64
157,93,64
158,94,64
159,95,64
160,96,64
161,97,64
162,98,64
163,99,64
164,100,64
130,65,65
131,66,65
132,67,65
133,68,65
134,69,65
135,70,65
136,71,65
137,72,65
138,73,65
139,74,65
140,75,65
141,76,65
142,77,65
143,78,65
144,79,65
145,80,65
146,81,65
147,82,65
148,83,65
149,84,65
150,85,65
151,86,65
152,87,65
153,88,65
154,89,65
155,90,65
156,91,65
157,92,65
158,93,65
159,94,65
160,95,65
161,96,65
162,97,65
163,98,65
164,99,65
165,100,65
132,66,66
133,67,66
134,68,66
135,69,66
136,70,66
137,71,66
138,72,66
139,73,66
140,74,66
141,75,66
142,76,66
143,77,66
144,78,66
145,79,66
146,80,66
147,81,66
148,82,66
149,83,66
150,84,66
151,85,66
152,86,66
153,87,66
154,88,66
155,89,66
156,90,66
157,91,66
158,92,66
159,93,66
160,94,66
161,95,66
162,96,66
163,97,66
164,98,66
165,99,66
166,100,66
134,67,67
135,68,67
136,69,67
137,70,67
138,71,67
139,72,67
140,73,67
141,74,67
142,75,67
143,76,67
144,77,67
145,78,67
146,79,67
147,80,67
148,81,67
149,82,67
150,83,67
151,84,67
152,85,67
153,86,67
154,87,67
155,88,67
156,89,67
157,90,67
158,91,67
159,92,67
160,93,67
161,94,67
162,95,67
163,96,67
164,97,67
165,98,67
166,99,67
167,100,67
136,68,68
137,69,68
138,70,68
139,71,68
140,72,68
141,73,68
142,74,68
143,75,68
144,76,68
145,77,68
146,78,68
147,79,68
148,80,68
149,81,68
150,82,68
151,83,68
152,84,68
153,85,68
154,86,68
155,87,68
156,88,68
157,89,68
158,90,68
159,91,68
160,92,68
161,93,68
162,94,68
163,95,68
164,96,68
165,97,68
166,98,68
167,99,68
168,100,68
138,69,69
139,70,69
140,71,69
141,72,69
142,73,69
143,74,69
144,75,69
145,76,69
146,77,69
147,78,69
148,79,69
149,80,69
150,81,69
151,82,69
152,83,69
153,84,69
154,85,69
155,86,69
156,87,69
157,88,69
158,89,69
159,90,69
160,91,69
161,92,69
162,93,69
163,94,69
164,95,69
165,96,69
166,97,69
167,98,69
168,99,69
169,100,69
140,70,70
141,71,70
142,72,70
143,73,70
144,74,70
145,75,70
146,76,70
147,77,70
148,78,70
149,79,70
150,80,70
151,81,70
152,82,70
153,83,70
154,84,70
155,85,70
156,86,70
157,87,70
158,88,70
159,89,70
160,90,70
161,91,70
162,92,70
163,93,70
164,94,70
165,95,70
166,96,70
167,97,70
168,98,70
169,99,70
170,100,70
142,71,71
143,72,71
144,73,71
145,74,71
146,75,71
147,76,71
148,77,71
149,78,71
150,79,71
151,80,71
152,81,71
153,82,71
154,83,71
155,84,71
156,85,71
157,86,71
158,87,71
159,88,71
160,89,71
161,90,71
162,91,71
163,92,71
164,93,71
165,94,71
166,95,71
167,96,71
168,97,71
169,98,71
170,99,71
171,100,71
144,72,72
145,73,72
146,74,72
147,75,72
148,76,72
149,77,72
150,78,72
151,79,72
152,80,72
153,81,72
154,82,72
155,83,72
156,84,72
157,85,72
158,86,72
159,87,72
160,88,72
161,89,72
162,90,72
163,91,72
164,92,72
165,93,72
166,94,72
167,95,72
168,96,72
169,97,72
170,98,72
171,99,72
172,100,72
146,73,73
147,74,73
148,75,73
149,76,73
150,77,73
151,78,73
152,79,73
153,80,73
154,81,73
155,82,73
156,83,73
157,84,73
158,85,73
159,86,73
160,87,73
161,88,73
162,89,73
163,90,73
164,91,73
165,92,73
166,93,73
167,94,73
168,95,73
169,96,73
170,97,73
171,98,73
172,99,73
173,100,73
148,74,74
149,75,74
150,76,74
151,77,74
152,78,74
153,79,74
154,80,74
155,81,74
156,82,74
157,83,74
158,84,74
159,85,74
160,86,74
161,87,74
162,88,74
163,89,74
164,90,74
165,91,74
166,92,74
167,93,74
168,94,74
169,95,74
170,96,74
171,97,74
172,98,74
173,99,74
174,100,74
150,75,75
151,76,75
152,77,75
153,78,75
154,79,75
155,80,75
156,81,75
157,82,75
158,83,75
159,84,75
160,85,75
161,86,75
162,87,75
163,88,75
164,89,75
165,90,75
166,91,75
167,92,75
168,93,75
169,94,75
170,95,75
171,96,75
172,97,75
173,98,75
174,99,75
175,100,75
152,76,76
153,77,76
154,78,76
155,79,76
156,80,76
157,81,76
158,82,76
159,83,76
160,84,76
161,85,76
162,86,76
163,87,76
164,88,76
165,89,76
166,90,76
167,91,76
168,92,76
169,93,76
170,94,76
171,95,76
172,96,76
173,97,76
174,98,76
175,99,76
176,100,76
154,77,77
155,78,77
156,79,77
157,80,77
158,81,77
159,82,77
160,83,77
161,84,77
162,85,77
163,86,77
164,87,77
165,88,77
166,89,77
167,90,77
168,91,77
169,92,77
170,93,77
171,94,77
172,95,77
173,96,77
174,97,77
175,98,77
176,99,77
177,100,77
156,78,78
157,79,78
158,80,78
159,81,78
160,82,78
161,83,78
162,84,78
163,85,78
164,86,78
165,87,78
166,88,78
167,89,78
168,90,78
169,91,78
170,92,78
171,93,78
172,94,78
173,95,78
174,96,78
175,97,78
176,98,78
177,99,78
178,100,78
158,79,79
159,80,79
160,81,79
161,82,79
162,83,79
163,84,79
164,85,79
165,86,79
166,87,79
167,88,79
168,89,79
169,90,79
170,91,79
171,92,79
172,93,79
173,94,79
174,95,79
175,96,79
176,97,79
177,98,79
178,99,79
179,100,79
160,80,80
161,81,80
162,82,80
163,83,80
164,84,80
165,85,80
166,86,80
167,87,80
168,88,80
169,89,80
170,90,80
171,91,80
172,92,80
173,93,80
174,94,80
175,95,80
176,96,80
177,97,80
178,98,80
179,99,80
180,100,80
162,81,81
163,82,81
164,83,81
165,84,81
166,85,81
167,86,81
168,87,81
169,88,81
170,89,81
171,90,81
172,91,81
173,92,81
174,93,81
175,94,81
176,95,81
177,96,81
178,97,81
179,98,81
180,99,81
181,100,81
164,82,82
165,83,82
166,84,82
167,85,82
168,86,82
169,87,82
170,88,82
171,89,82
172,90,82
173,91,82
174,92,82
175,93,82
176,94,82
177,95,82
178,96,82
179,97,82
180,98,82
181,99,82
182,100,82
166,83,83
167,84,83
168,85,83
169,86,83
170,87,83
171,88,83
172,89,83
173,90,83
174,91,83
175,92,83
176,93,83
177,94,83
178,95,83
179,96,83
180,97,83
181,98,83
182,99,83
183,100,83
168,84,84
169,85,84
170,86,84
171,87,84
172,88,84
173,89,84
174,90,84
175,91,84
176,92,84
177,93,84
178,94,84
179,95,84
180,96,84
181,97,84
182,98,84
183,99,84
184,100,84
170,85,85
171,86,85
172,87,85
173,88,85
174,89,85
175,90,85
176,91,85
177,92,85
178,93,85
179,94,85
180,95,85
181,96,85
182,97,85
183,98,85
184,99,85
185,100,85
172,86,86
173,87,86
174,88,86
175,89,86
176,90,86
177,91,86
178,92,86
179,93,86
180,94,86
181,95,86
182,96,86
183,97,86
184,98,86
185,99,86
186,100,86
174,87,87
175,88,87
176,89,87
177,90,87
178,91,87
179,92,87
180,93,87
181,94,87
182,95,87
183,96,87
184,97,87
185,98,87
186,99,87
187,100,87
176,88,88
177,89,88
178,90,88
179,91,88
180,92,88
181,93,88
182,94,88
183,95,88
184,96,88
185,97,88
186,98,88
187,99,88
188,100,88
178,89,89
179,90,89
180,91,89
181,92,89
182,93,89
183,94,89
184,95,89
185,96,89
186,97,89
187,98,89
188,99,89
189,100,89
180,90,90
181,91,90
182,92,90
183,93,90
184,94,90
185,95,90
186,96,90
187,97,90
188,98,90
189,99,90
190,100,90
182,91,91
183,92,91
184,93,91
185,94,91
186,95,91
187,96,91
188,97,91
189,98,91
190,99,91
191,100,91
184,92,92
185,93,92
186,94,92
187,95,92
188,96,92
189,97,92
190,98,92
191,99,92
192,100,92
186,93,93
187,94,93
188,95,93
189,96,93
190,97,93
191,98,93
192,99,93
193,100,93
188,94,94
189,95,94
190,96,94
191,97,94
192,98,94
193,99,94
194,100,94
190,95,95
191,96,95
192,97,95
193,98,95
194,99,95
195,100,95
192,96,96
193,97,96
194,98,96
195,99,96
196,100,96
194,97,97
195,98,97
196,99,97
197,100,97
196,98,98
197,99,98
198,100,98
198,99,99
199,100,99
200,100,100
